Order Date,Product Name,Category,Region,Quantity,Sales,Profit,Year,Month,Quarter,profit margin
27-11-2022,Mouse,Accessories,East,7,1197,106.53,2022,November,Q4,0.088997494
28-11-2022,Tablet,Electronics,South,5,5865,502.73,2022,November,Q4,0.085716965
29-11-2022,Mouse,Accessories,South,2,786,202.87,2022,November,Q4,0.258104326
30-11-2022,Mouse,Accessories,West,1,509,103.28,2022,November,Q4,0.202907662
1/12/2022,Camera,Electronics,West,1,524,106.35,2022,December,Q4,0.202958015
2/12/2022,Headphones,Accessories,North,7,6167,1027.98,2022,December,Q4,0.166690449
3/12/2022,Camera,Electronics,South,7,3059,873.5,2022,December,Q4,0.285550834
4/12/2022,Smartwatch,Electronics,East,9,5526,595.28,2022,December,Q4,0.107723489
5/12/2022,Printer,Office,South,8,672,186.37,2022,December,Q4,0.27733631
6/12/2022,Monitor,Accessories,South,6,7074,1357.68,2022,December,Q4,0.19192536
7/12/2022,Smartwatch,Electronics,East,2,502,137.4,2022,December,Q4,0.273705179
8/12/2022,Tablet,Electronics,North,7,7462,2166.17,2022,December,Q4,0.290293487
9/12/2022,Smartphone,Electronics,West,5,4205,585.29,2022,December,Q4,0.139189061
10/12/2022,Camera,Electronics,West,1,570,138.54,2022,December,Q4,0.243052632
11/12/2022,Headphones,Accessories,East,1,441,102.42,2022,December,Q4,0.232244898
12/12/2022,Mouse,Accessories,North,7,7469,589.81,2022,December,Q4,0.078967733
13-12-2022,Tablet,Electronics,South,2,2212,145.75,2022,December,Q4,0.065890597
14-12-2022,Tablet,Electronics,East,5,740,146.39,2022,December,Q4,0.197824324
15-12-2022,Headphones,Accessories,North,1,662,193.92,2022,December,Q4,0.292930514
16-12-2022,Mouse,Accessories,North,7,5712,651.27,2022,December,Q4,0.114017857
17-12-2022,Smartwatch,Electronics,North,3,2739,572.73,2022,December,Q4,0.209101862
18-12-2022,Keyboard,Accessories,West,5,1400,213.63,2022,December,Q4,0.152592857
19-12-2022,Printer,Office,North,3,3477,939.2,2022,December,Q4,0.270117918
20-12-2022,Camera,Electronics,North,5,3475,570.36,2022,December,Q4,0.164132374
21-12-2022,Laptop,Electronics,West,9,6138,1562.14,2022,December,Q4,0.254503095
22-12-2022,Camera,Electronics,West,5,3665,406.93,2022,December,Q4,0.111031378
23-12-2022,Printer,Office,North,2,2372,206.42,2022,December,Q4,0.087023609
24-12-2022,Laptop,Electronics,North,2,1382,211.11,2022,December,Q4,0.152756874
25-12-2022,Laptop,Electronics,West,1,1126,194.08,2022,December,Q4,0.172362345
26-12-2022,Printer,Office,West,8,1376,152.1,2022,December,Q4,0.110537791
27-12-2022,Mouse,Accessories,West,4,988,147.91,2022,December,Q4,0.149706478
28-12-2022,Laptop,Electronics,North,9,10773,1907.36,2022,December,Q4,0.177050032
29-12-2022,Headphones,Accessories,South,4,3252,713.46,2022,December,Q4,0.219391144
30-12-2022,Headphones,Accessories,North,3,2739,202.81,2022,December,Q4,0.074045272
31-12-2022,Tablet,Electronics,South,7,2709,702.79,2022,December,Q4,0.259427833
1/1/2023,Printer,Office,West,3,936,201.24,2023,January,Q1,0.215
2/1/2023,Camera,Electronics,West,4,3720,410.92,2023,January,Q1,0.110462366
3/1/2023,Mouse,Accessories,West,5,5320,716.91,2023,January,Q1,0.134757519
4/1/2023,Headphones,Accessories,East,4,804,121.51,2023,January,Q1,0.151131841
5/1/2023,Laptop,Electronics,North,8,1224,246.77,2023,January,Q1,0.201609477
6/1/2023,Headphones,Accessories,South,9,8667,781.78,2023,January,Q1,0.090201915
7/1/2023,Monitor,Accessories,West,3,3018,320.11,2023,January,Q1,0.106066932
8/1/2023,Laptop,Electronics,West,5,4325,1023.39,2023,January,Q1,0.236621965
9/1/2023,Laptop,Electronics,South,3,1557,181.08,2023,January,Q1,0.116300578
10/1/2023,Monitor,Accessories,South,6,3672,1002.5,2023,January,Q1,0.273011983
11/1/2023,Mouse,Accessories,West,1,333,72.34,2023,January,Q1,0.217237237
12/1/2023,Headphones,Accessories,West,4,2384,577.26,2023,January,Q1,0.242139262
13-01-2023,Mouse,Accessories,West,6,888,210.39,2023,January,Q1,0.236925676
14-01-2023,Laptop,Electronics,West,5,3280,954.17,2023,January,Q1,0.290905488
15-01-2023,Mouse,Accessories,South,7,1239,177.39,2023,January,Q1,0.143171913
16-01-2023,Headphones,Accessories,East,8,5880,436.85,2023,January,Q1,0.074294218
17-01-2023,Smartphone,Electronics,West,2,1668,437.3,2023,January,Q1,0.262170264
18-01-2023,Printer,Office,West,7,4109,1037.64,2023,January,Q1,0.252528596
19-01-2023,Smartwatch,Electronics,West,7,595,148.5,2023,January,Q1,0.249579832
20-01-2023,Headphones,Accessories,East,7,8155,1587.91,2023,January,Q1,0.194716125
21-01-2023,Monitor,Accessories,South,3,1872,553.1,2023,January,Q1,0.295459402
22-01-2023,Smartwatch,Electronics,East,6,2124,126.03,2023,January,Q1,0.059336158
23-01-2023,Monitor,Accessories,West,5,5210,1338.8,2023,January,Q1,0.25696737
24-01-2023,Mouse,Accessories,South,7,5761,362.48,2023,January,Q1,0.062919632
25-01-2023,Headphones,Accessories,South,7,6895,1596.35,2023,January,Q1,0.231522843
26-01-2023,Smartwatch,Electronics,East,3,2118,317.08,2023,January,Q1,0.149707271
27-01-2023,Smartwatch,Electronics,North,5,830,58.28,2023,January,Q1,0.070216867
28-01-2023,Smartwatch,Electronics,North,1,851,93.56,2023,January,Q1,0.109941246
29-01-2023,Tablet,Electronics,East,5,4730,1365.63,2023,January,Q1,0.288716702
30-01-2023,Mouse,Accessories,West,6,5460,845.75,2023,January,Q1,0.154899267
31-01-2023,Headphones,Accessories,East,5,5795,310.6,2023,January,Q1,0.053597929
1/2/2023,Laptop,Electronics,South,4,2008,338.44,2023,February,Q1,0.168545817
2/2/2023,Mouse,Accessories,South,7,2842,425.24,2023,February,Q1,0.149627023
3/2/2023,Mouse,Accessories,East,4,3404,392.22,2023,February,Q1,0.115223267
4/2/2023,Smartwatch,Electronics,West,1,1065,228.63,2023,February,Q1,0.214676056
5/2/2023,Tablet,Electronics,West,7,2149,121.69,2023,February,Q1,0.056626338
6/2/2023,Keyboard,Accessories,East,8,5912,1143.04,2023,February,Q1,0.193342355
7/2/2023,Mouse,Accessories,West,3,3348,331.28,2023,February,Q1,0.098948626
8/2/2023,Smartphone,Electronics,South,3,2409,531.79,2023,February,Q1,0.220751349
9/2/2023,Tablet,Electronics,North,2,328,39.51,2023,February,Q1,0.120457317
10/2/2023,Smartphone,Electronics,West,8,6224,1561.42,2023,February,Q1,0.250870823
11/2/2023,Smartwatch,Electronics,North,5,2530,486.09,2023,February,Q1,0.192130435
12/2/2023,Headphones,Accessories,West,4,4108,462.17,2023,February,Q1,0.112504869
13-02-2023,Printer,Office,South,5,1640,391.36,2023,February,Q1,0.238634146
14-02-2023,Laptop,Electronics,South,1,111,19.33,2023,February,Q1,0.174144144
15-02-2023,Headphones,Accessories,North,1,445,128.89,2023,February,Q1,0.289640449
16-02-2023,Printer,Office,North,4,3600,623.72,2023,February,Q1,0.173255556
17-02-2023,Mouse,Accessories,North,3,1335,176.44,2023,February,Q1,0.132164794
18-02-2023,Keyboard,Accessories,South,5,3090,242.15,2023,February,Q1,0.078365696
19-02-2023,Printer,Office,East,5,3910,538.52,2023,February,Q1,0.1377289
20-02-2023,Camera,Electronics,South,1,219,32.67,2023,February,Q1,0.149178082
21-02-2023,Smartphone,Electronics,West,5,390,27.77,2023,February,Q1,0.071205128
22-02-2023,Laptop,Electronics,North,6,3294,359.61,2023,February,Q1,0.10917122
23-02-2023,Keyboard,Accessories,West,4,4572,1038.05,2023,February,Q1,0.227045057
24-02-2023,Monitor,Accessories,South,7,980,109.94,2023,February,Q1,0.112183673
25-02-2023,Headphones,Accessories,North,2,2262,532.12,2023,February,Q1,0.235243148
26-02-2023,Camera,Electronics,South,7,7518,1655.91,2023,February,Q1,0.220259377
27-02-2023,Camera,Electronics,South,1,873,158.97,2023,February,Q1,0.18209622
28-02-2023,Mouse,Accessories,North,6,1512,423.03,2023,February,Q1,0.279781746
1/3/2023,Laptop,Electronics,West,1,705,165.16,2023,March,Q1,0.234269504
2/3/2023,Smartwatch,Electronics,North,8,3256,533.7,2023,March,Q1,0.163912776
3/3/2023,Tablet,Electronics,West,4,556,81.77,2023,March,Q1,0.147068345
4/3/2023,Mouse,Accessories,East,9,7101,2105.82,2023,March,Q1,0.296552598
5/3/2023,Laptop,Electronics,West,9,8802,1344.96,2023,March,Q1,0.152801636
6/3/2023,Headphones,Accessories,South,6,5592,1294.16,2023,March,Q1,0.231430615
7/3/2023,Tablet,Electronics,North,2,1852,168.92,2023,March,Q1,0.091209503
8/3/2023,Monitor,Accessories,East,1,195,57.88,2023,March,Q1,0.296820513
9/3/2023,Mouse,Accessories,East,9,7884,2054.02,2023,March,Q1,0.260530188
10/3/2023,Laptop,Electronics,East,5,4360,1160.55,2023,March,Q1,0.266181193
11/3/2023,Mouse,Accessories,North,6,4920,929.18,2023,March,Q1,0.188857724
12/3/2023,Mouse,Accessories,East,3,3474,565,2023,March,Q1,0.16263673
13-03-2023,Keyboard,Accessories,West,1,930,222.5,2023,March,Q1,0.239247312
14-03-2023,Tablet,Electronics,South,7,1421,248.02,2023,March,Q1,0.174539057
15-03-2023,Headphones,Accessories,North,2,634,161.1,2023,March,Q1,0.254100946
16-03-2023,Camera,Electronics,East,1,673,114.42,2023,March,Q1,0.170014859
17-03-2023,Mouse,Accessories,South,5,3135,787.7,2023,March,Q1,0.251259968
18-03-2023,Smartphone,Electronics,East,6,882,184.48,2023,March,Q1,0.209160998
19-03-2023,Smartphone,Electronics,East,4,1192,212.77,2023,March,Q1,0.178498322
20-03-2023,Printer,Office,South,3,390,112.08,2023,March,Q1,0.287384615
21-03-2023,Tablet,Electronics,North,1,834,95.54,2023,March,Q1,0.114556355
22-03-2023,Smartphone,Electronics,East,6,612,83.75,2023,March,Q1,0.136846405
23-03-2023,Headphones,Accessories,West,9,8073,710.23,2023,March,Q1,0.087975969
24-03-2023,Keyboard,Accessories,North,8,2640,723.88,2023,March,Q1,0.27419697
25-03-2023,Smartphone,Electronics,North,3,3234,440.7,2023,March,Q1,0.136270872
26-03-2023,Monitor,Accessories,West,5,4435,355.51,2023,March,Q1,0.08016009
27-03-2023,Smartwatch,Electronics,North,2,2302,305.07,2023,March,Q1,0.132523892
28-03-2023,Camera,Electronics,East,6,1728,307.44,2023,March,Q1,0.177916667
29-03-2023,Laptop,Electronics,East,4,228,54.05,2023,March,Q1,0.237061404
30-03-2023,Tablet,Electronics,West,6,3450,705.74,2023,March,Q1,0.204562319
31-03-2023,Smartphone,Electronics,South,8,7456,1702.48,2023,March,Q1,0.22833691
1/4/2023,Smartphone,Electronics,West,6,4728,705.85,2023,April,Q2,0.149291455
2/4/2023,Smartwatch,Electronics,North,7,945,124.62,2023,April,Q2,0.131873016
3/4/2023,Laptop,Electronics,North,4,296,65.05,2023,April,Q2,0.219763514
4/4/2023,Smartphone,Electronics,West,4,640,149.89,2023,April,Q2,0.234203125
5/4/2023,Tablet,Electronics,North,1,797,65.27,2023,April,Q2,0.081894605
6/4/2023,Monitor,Accessories,North,4,1456,431.89,2023,April,Q2,0.296627747
7/4/2023,Monitor,Accessories,South,6,4038,364.11,2023,April,Q2,0.090170877
8/4/2023,Tablet,Electronics,West,7,5656,355.81,2023,April,Q2,0.062908416
9/4/2023,Mouse,Accessories,West,4,3876,302.37,2023,April,Q2,0.078010836
10/4/2023,Keyboard,Accessories,South,6,1002,114.7,2023,April,Q2,0.114471058
11/4/2023,Headphones,Accessories,East,9,2187,413.76,2023,April,Q2,0.189190672
12/4/2023,Mouse,Accessories,North,6,7146,1627.42,2023,April,Q2,0.227738595
13-04-2023,Keyboard,Accessories,South,1,189,14.88,2023,April,Q2,0.078730159
14-04-2023,Monitor,Accessories,East,5,940,266.02,2023,April,Q2,0.283
15-04-2023,Headphones,Accessories,North,1,951,127.58,2023,April,Q2,0.134153523
16-04-2023,Printer,Office,East,2,124,27.42,2023,April,Q2,0.221129032
17-04-2023,Mouse,Accessories,West,9,7506,594.28,2023,April,Q2,0.079173994
18-04-2023,Monitor,Accessories,West,7,8176,2308.76,2023,April,Q2,0.282382583
19-04-2023,Smartphone,Electronics,East,5,2125,632.68,2023,April,Q2,0.297731765
20-04-2023,Headphones,Accessories,North,1,967,59.98,2023,April,Q2,0.062026887
21-04-2023,Headphones,Accessories,South,5,270,29.41,2023,April,Q2,0.108925926
22-04-2023,Keyboard,Accessories,West,9,10035,1486.3,2023,April,Q2,0.148111609
23-04-2023,Printer,Office,North,8,6792,1125.23,2023,April,Q2,0.165669906
24-04-2023,Printer,Office,East,1,714,99.13,2023,April,Q2,0.138837535
25-04-2023,Smartphone,Electronics,South,5,765,157.64,2023,April,Q2,0.206065359
26-04-2023,Headphones,Accessories,East,7,4221,358.02,2023,April,Q2,0.084818763
27-04-2023,Laptop,Electronics,North,4,2108,576.48,2023,April,Q2,0.273472486
28-04-2023,Monitor,Accessories,North,9,10530,2387.63,2023,April,Q2,0.226745489
29-04-2023,Keyboard,Accessories,South,6,3396,914.17,2023,April,Q2,0.269190224
30-04-2023,Monitor,Accessories,North,4,1060,213.05,2023,April,Q2,0.200990566
1/5/2023,Tablet,Electronics,East,5,480,73.07,2023,May,Q2,0.152229167
2/5/2023,Headphones,Accessories,West,3,2529,285.65,2023,May,Q2,0.112949783
3/5/2023,Smartwatch,Electronics,East,8,4792,511.97,2023,May,Q2,0.106838481
4/5/2023,Smartwatch,Electronics,East,8,8056,605.8,2023,May,Q2,0.07519861
5/5/2023,Tablet,Electronics,North,4,4228,947.76,2023,May,Q2,0.224162725
6/5/2023,Tablet,Electronics,East,1,653,93.78,2023,May,Q2,0.143614089
7/5/2023,Tablet,Electronics,North,9,7452,1212.51,2023,May,Q2,0.16270934
8/5/2023,Mouse,Accessories,East,4,4128,1156.71,2023,May,Q2,0.280210756
9/5/2023,Tablet,Electronics,West,5,5090,1201.56,2023,May,Q2,0.236062868
10/5/2023,Camera,Electronics,North,5,4930,387.33,2023,May,Q2,0.078565923
11/5/2023,Smartwatch,Electronics,South,6,2610,434.37,2023,May,Q2,0.166425287
12/5/2023,Laptop,Electronics,North,3,2139,415.84,2023,May,Q2,0.194408602
13-05-2023,Tablet,Electronics,South,1,226,55.4,2023,May,Q2,0.245132743
14-05-2023,Smartwatch,Electronics,West,2,2244,212.08,2023,May,Q2,0.094509804
15-05-2023,Monitor,Accessories,East,6,3150,578.87,2023,May,Q2,0.183768254
16-05-2023,Laptop,Electronics,South,7,3388,347.19,2023,May,Q2,0.102476387
17-05-2023,Laptop,Electronics,East,8,8736,580.31,2023,May,Q2,0.066427427
18-05-2023,Smartphone,Electronics,South,2,1102,176.53,2023,May,Q2,0.160190563
19-05-2023,Monitor,Accessories,East,3,2640,199.97,2023,May,Q2,0.075746212
20-05-2023,Printer,Office,West,3,2547,300.74,2023,May,Q2,0.118076168
21-05-2023,Laptop,Electronics,North,7,728,64.82,2023,May,Q2,0.089038462
22-05-2023,Camera,Electronics,South,7,3444,607.44,2023,May,Q2,0.176376307
23-05-2023,Camera,Electronics,West,5,3140,853.66,2023,May,Q2,0.271866242
24-05-2023,Smartphone,Electronics,East,3,435,129.27,2023,May,Q2,0.297172414
25-05-2023,Keyboard,Accessories,East,4,856,72.99,2023,May,Q2,0.085268692
26-05-2023,Printer,Office,North,2,112,23.33,2023,May,Q2,0.208303571
27-05-2023,Headphones,Accessories,North,3,2247,507.79,2023,May,Q2,0.225985759
28-05-2023,Keyboard,Accessories,West,2,1512,298.73,2023,May,Q2,0.197572751
29-05-2023,Mouse,Accessories,South,5,4915,1196.6,2023,May,Q2,0.2434588
30-05-2023,Mouse,Accessories,South,3,2709,663.54,2023,May,Q2,0.244939092
31-05-2023,Tablet,Electronics,North,7,1239,118.36,2023,May,Q2,0.095528652
1/6/2023,Tablet,Electronics,West,2,572,86.16,2023,June,Q2,0.150629371
2/6/2023,Smartwatch,Electronics,North,2,1708,93.25,2023,June,Q2,0.054596019
3/6/2023,Smartwatch,Electronics,North,4,360,42.66,2023,June,Q2,0.1185
4/6/2023,Camera,Electronics,North,6,3822,388.34,2023,June,Q2,0.101606489
5/6/2023,Camera,Electronics,North,6,4680,932.97,2023,June,Q2,0.199352564
6/6/2023,Camera,Electronics,North,5,2520,487.18,2023,June,Q2,0.193325397
7/6/2023,Smartwatch,Electronics,North,2,2138,619.29,2023,June,Q2,0.289658559
8/6/2023,Keyboard,Accessories,West,3,2529,169.6,2023,June,Q2,0.06706208
9/6/2023,Keyboard,Accessories,East,1,236,29.33,2023,June,Q2,0.124279661
10/6/2023,Tablet,Electronics,West,6,2730,636.48,2023,June,Q2,0.233142857
11/6/2023,Headphones,Accessories,North,3,3021,872.49,2023,June,Q2,0.288808342
12/6/2023,Smartwatch,Electronics,North,2,244,16.78,2023,June,Q2,0.068770492
13-06-2023,Camera,Electronics,South,8,728,120.06,2023,June,Q2,0.164917582
14-06-2023,Mouse,Accessories,North,3,453,89.49,2023,June,Q2,0.197549669
15-06-2023,Laptop,Electronics,South,1,379,84.38,2023,June,Q2,0.222638522
16-06-2023,Tablet,Electronics,West,3,2130,510.69,2023,June,Q2,0.239760563
17-06-2023,Monitor,Accessories,North,8,4120,710.11,2023,June,Q2,0.172356796
18-06-2023,Smartwatch,Electronics,South,7,3150,299.7,2023,June,Q2,0.095142857
19-06-2023,Smartwatch,Electronics,East,7,2688,603.07,2023,June,Q2,0.224356399
20-06-2023,Tablet,Electronics,East,2,1752,501.19,2023,June,Q2,0.286067352
21-06-2023,Keyboard,Accessories,North,7,7308,948.4,2023,June,Q2,0.129775588
22-06-2023,Tablet,Electronics,North,3,2007,160.84,2023,June,Q2,0.080139512
23-06-2023,Tablet,Electronics,West,7,7224,479.23,2023,June,Q2,0.066338594
24-06-2023,Monitor,Accessories,South,9,6939,1249.31,2023,June,Q2,0.180041793
25-06-2023,Smartphone,Electronics,East,7,5516,1475.67,2023,June,Q2,0.267525381
26-06-2023,Printer,Office,South,2,2224,116.47,2023,June,Q2,0.052369604
27-06-2023,Laptop,Electronics,South,5,3985,824.4,2023,June,Q2,0.206875784
28-06-2023,Camera,Electronics,North,7,2723,638.26,2023,June,Q2,0.234395887
29-06-2023,Tablet,Electronics,North,2,746,170.75,2023,June,Q2,0.228887399
30-06-2023,Laptop,Electronics,West,5,3170,245.25,2023,June,Q2,0.077365931
1/7/2023,Smartwatch,Electronics,East,5,550,63.11,2023,July,Q3,0.114745455
2/7/2023,Tablet,Electronics,North,8,480,132.45,2023,July,Q3,0.2759375
3/7/2023,Printer,Office,East,4,3284,354.4,2023,July,Q3,0.107917174
4/7/2023,Smartwatch,Electronics,South,2,1748,183.75,2023,July,Q3,0.105120137
5/7/2023,Headphones,Accessories,North,8,824,240.84,2023,July,Q3,0.292281553
6/7/2023,Headphones,Accessories,North,4,1872,448.46,2023,July,Q3,0.239561966
7/7/2023,Tablet,Electronics,West,3,627,103.98,2023,July,Q3,0.165837321
8/7/2023,Camera,Electronics,East,9,5661,1104.02,2023,July,Q3,0.195022081
9/7/2023,Camera,Electronics,North,3,2910,765.47,2023,July,Q3,0.26304811
10/7/2023,Tablet,Electronics,South,9,9036,1087.46,2023,July,Q3,0.120347499
11/7/2023,Tablet,Electronics,West,5,4815,338.31,2023,July,Q3,0.070261682
12/7/2023,Mouse,Accessories,South,1,1187,206.28,2023,July,Q3,0.173782645
13-07-2023,Headphones,Accessories,East,3,3339,732.92,2023,July,Q3,0.219502845
14-07-2023,Tablet,Electronics,East,1,620,165.43,2023,July,Q3,0.266822581
15-07-2023,Camera,Electronics,West,5,2025,414.42,2023,July,Q3,0.204651852
16-07-2023,Printer,Office,East,5,3030,811.92,2023,July,Q3,0.267960396
17-07-2023,Smartwatch,Electronics,North,5,655,166.69,2023,July,Q3,0.25448855
18-07-2023,Printer,Office,West,2,2238,294.54,2023,July,Q3,0.131608579
19-07-2023,Smartphone,Electronics,South,8,3312,811.31,2023,July,Q3,0.244960749
20-07-2023,Printer,Office,East,9,9387,1271.64,2023,July,Q3,0.135468201
21-07-2023,Mouse,Accessories,West,6,5790,1285.21,2023,July,Q3,0.221970639
22-07-2023,Laptop,Electronics,South,6,2700,527.97,2023,July,Q3,0.195544444
23-07-2023,Smartwatch,Electronics,East,8,2072,555.06,2023,July,Q3,0.2678861
24-07-2023,Keyboard,Accessories,North,3,2991,716.54,2023,July,Q3,0.239565363
25-07-2023,Laptop,Electronics,East,6,5568,958.59,2023,July,Q3,0.17216056
26-07-2023,Smartwatch,Electronics,North,7,5509,1648.74,2023,July,Q3,0.299281176
27-07-2023,Printer,Office,West,7,5922,1323.1,2023,July,Q3,0.223421142
28-07-2023,Smartphone,Electronics,South,4,4380,362.81,2023,July,Q3,0.082833333
29-07-2023,Tablet,Electronics,South,5,1760,272.68,2023,July,Q3,0.154931818
30-07-2023,Headphones,Accessories,North,9,5571,1523.81,2023,July,Q3,0.273525399
31-07-2023,Tablet,Electronics,South,2,1082,182.1,2023,July,Q3,0.168299445
1/8/2023,Camera,Electronics,East,1,569,138.11,2023,August,Q3,0.242724077
2/8/2023,Mouse,Accessories,North,8,3416,697.42,2023,August,Q3,0.204162763
3/8/2023,Printer,Office,West,1,570,57.07,2023,August,Q3,0.100122807
4/8/2023,Monitor,Accessories,East,6,3300,386.92,2023,August,Q3,0.117248485
5/8/2023,Laptop,Electronics,South,8,2584,568.77,2023,August,Q3,0.220112229
6/8/2023,Monitor,Accessories,South,9,7650,2204.44,2023,August,Q3,0.288162092
7/8/2023,Headphones,Accessories,West,8,3600,272.51,2023,August,Q3,0.075697222
8/8/2023,Monitor,Accessories,West,6,846,190.87,2023,August,Q3,0.225614657
9/8/2023,Smartphone,Electronics,West,1,51,9.36,2023,August,Q3,0.183529412
10/8/2023,Smartwatch,Electronics,South,6,7056,586.91,2023,August,Q3,0.083178855
11/8/2023,Smartwatch,Electronics,West,2,384,38.41,2023,August,Q3,0.100026042
12/8/2023,Laptop,Electronics,South,8,2928,663.54,2023,August,Q3,0.226618852
13-08-2023,Camera,Electronics,West,7,1904,352.86,2023,August,Q3,0.18532563
14-08-2023,Tablet,Electronics,East,2,2314,312.07,2023,August,Q3,0.134861711
15-08-2023,Printer,Office,South,4,1028,192.13,2023,August,Q3,0.186896887
16-08-2023,Headphones,Accessories,South,9,8307,1326.23,2023,August,Q3,0.159652101
17-08-2023,Printer,Office,West,9,1539,203.54,2023,August,Q3,0.132254711
18-08-2023,Tablet,Electronics,West,7,2506,537.98,2023,August,Q3,0.214676776
19-08-2023,Smartphone,Electronics,West,6,5778,1232.54,2023,August,Q3,0.213316026
20-08-2023,Tablet,Electronics,East,9,10188,2165.78,2023,August,Q3,0.212581468
21-08-2023,Monitor,Accessories,North,1,952,157.7,2023,August,Q3,0.165651261
22-08-2023,Smartwatch,Electronics,West,8,3624,750.86,2023,August,Q3,0.207190949
23-08-2023,Keyboard,Accessories,South,8,7968,1551.12,2023,August,Q3,0.194668675
24-08-2023,Mouse,Accessories,South,2,1254,250.09,2023,August,Q3,0.199433812
25-08-2023,Printer,Office,West,3,705,196.05,2023,August,Q3,0.278085106
26-08-2023,Mouse,Accessories,West,1,916,223.5,2023,August,Q3,0.243995633
27-08-2023,Printer,Office,North,2,848,129.96,2023,August,Q3,0.153254717
28-08-2023,Monitor,Accessories,East,8,2240,313.17,2023,August,Q3,0.139808036
29-08-2023,Monitor,Accessories,South,1,940,120.35,2023,August,Q3,0.128031915
30-08-2023,Headphones,Accessories,West,5,1550,203.51,2023,August,Q3,0.131296774
31-08-2023,Keyboard,Accessories,South,7,2352,256.4,2023,August,Q3,0.109013605
1/9/2023,Smartwatch,Electronics,North,9,1638,183.75,2023,September,Q3,0.112179487
2/9/2023,Camera,Electronics,North,6,7164,1442.72,2023,September,Q3,0.201384701
3/9/2023,Mouse,Accessories,East,1,205,54.54,2023,September,Q3,0.26604878
4/9/2023,Keyboard,Accessories,North,2,766,49.23,2023,September,Q3,0.06426893
5/9/2023,Keyboard,Accessories,North,1,168,17.84,2023,September,Q3,0.106190476
6/9/2023,Mouse,Accessories,South,1,1058,207.55,2023,September,Q3,0.196172023
7/9/2023,Keyboard,Accessories,South,5,1455,423.81,2023,September,Q3,0.291278351
8/9/2023,Camera,Electronics,East,2,2224,364.04,2023,September,Q3,0.16368705
9/9/2023,Smartphone,Electronics,West,7,1400,80.49,2023,September,Q3,0.057492857
10/9/2023,Smartphone,Electronics,East,7,7567,2213.18,2023,September,Q3,0.292477864
11/9/2023,Tablet,Electronics,East,6,3396,987.68,2023,September,Q3,0.290836278
12/9/2023,Smartwatch,Electronics,East,2,704,135.63,2023,September,Q3,0.19265625
13-09-2023,Tablet,Electronics,East,9,7767,2172.19,2023,September,Q3,0.279669113
14-09-2023,Mouse,Accessories,West,5,2050,157.13,2023,September,Q3,0.07664878
15-09-2023,Monitor,Accessories,North,9,10458,2799.48,2023,September,Q3,0.267687894
16-09-2023,Camera,Electronics,South,4,4700,619.26,2023,September,Q3,0.131757447
17-09-2023,Smartphone,Electronics,North,2,892,222.51,2023,September,Q3,0.249450673
18-09-2023,Laptop,Electronics,East,8,6968,1479.09,2023,September,Q3,0.212268944
19-09-2023,Laptop,Electronics,North,7,1344,300.88,2023,September,Q3,0.223869048
20-09-2023,Camera,Electronics,West,1,354,65.99,2023,September,Q3,0.186412429
21-09-2023,Monitor,Accessories,South,3,3051,662.23,2023,September,Q3,0.217053425
22-09-2023,Camera,Electronics,South,3,402,106.87,2023,September,Q3,0.265845771
23-09-2023,Monitor,Accessories,North,5,3570,517.82,2023,September,Q3,0.145047619
24-09-2023,Keyboard,Accessories,North,7,3829,876.35,2023,September,Q3,0.228871768
25-09-2023,Mouse,Accessories,North,7,4676,242.64,2023,September,Q3,0.051890505
26-09-2023,Keyboard,Accessories,East,3,1119,317.36,2023,September,Q3,0.283610366
27-09-2023,Smartphone,Electronics,East,4,4228,764.3,2023,September,Q3,0.18077105
28-09-2023,Headphones,Accessories,North,8,1240,251.2,2023,September,Q3,0.202580645
29-09-2023,Keyboard,Accessories,North,9,3591,342.18,2023,September,Q3,0.095288221
30-09-2023,Printer,Office,West,8,3952,451.08,2023,September,Q3,0.114139676
1/10/2023,Keyboard,Accessories,South,6,3648,1050.08,2023,October,Q4,0.287850877
2/10/2023,Monitor,Accessories,North,5,3875,768.74,2023,October,Q4,0.198384516
3/10/2023,Smartwatch,Electronics,West,8,3416,478.9,2023,October,Q4,0.140193208
4/10/2023,Tablet,Electronics,West,1,908,222.58,2023,October,Q4,0.245132159
5/10/2023,Headphones,Accessories,South,4,4532,987.32,2023,October,Q4,0.217855252
6/10/2023,Headphones,Accessories,East,4,4168,650.15,2023,October,Q4,0.155986084
7/10/2023,Laptop,Electronics,North,3,3543,941.37,2023,October,Q4,0.265698561
8/10/2023,Laptop,Electronics,East,6,5124,1078.57,2023,October,Q4,0.210493755
9/10/2023,Smartwatch,Electronics,South,9,5751,1196.23,2023,October,Q4,0.208003825
10/10/2023,Camera,Electronics,East,2,624,139.64,2023,October,Q4,0.223782051
11/10/2023,Camera,Electronics,South,1,508,151.29,2023,October,Q4,0.297814961
12/10/2023,Headphones,Accessories,South,4,4700,914.6,2023,October,Q4,0.194595745
13-10-2023,Keyboard,Accessories,West,8,3216,639.78,2023,October,Q4,0.198936567
14-10-2023,Laptop,Electronics,West,6,2844,581,2023,October,Q4,0.204289733
15-10-2023,Smartphone,Electronics,West,5,2385,258.6,2023,October,Q4,0.108427673
16-10-2023,Monitor,Accessories,South,8,928,170.05,2023,October,Q4,0.183243534
17-10-2023,Headphones,Accessories,North,6,4656,673.35,2023,October,Q4,0.144619845
18-10-2023,Headphones,Accessories,North,2,330,21.46,2023,October,Q4,0.065030303
19-10-2023,Camera,Electronics,North,7,1799,274.11,2023,October,Q4,0.152367982
20-10-2023,Printer,Office,East,1,1029,173.61,2023,October,Q4,0.168717201
21-10-2023,Headphones,Accessories,North,8,5432,1619.39,2023,October,Q4,0.298120398
22-10-2023,Camera,Electronics,West,5,5785,1191.11,2023,October,Q4,0.205896283
23-10-2023,Printer,Office,North,1,1062,272.42,2023,October,Q4,0.256516008
24-10-2023,Keyboard,Accessories,North,1,163,22.07,2023,October,Q4,0.135398773
25-10-2023,Smartphone,Electronics,West,9,9162,1625.62,2023,October,Q4,0.177430692
26-10-2023,Printer,Office,East,4,1440,130.24,2023,October,Q4,0.090444444
27-10-2023,Monitor,Accessories,South,5,1465,149.62,2023,October,Q4,0.102129693
28-10-2023,Monitor,Accessories,West,2,366,31.23,2023,October,Q4,0.085327869
29-10-2023,Camera,Electronics,South,5,3135,277.28,2023,October,Q4,0.088446571
30-10-2023,Keyboard,Accessories,North,2,630,161.04,2023,October,Q4,0.255619048
31-10-2023,Monitor,Accessories,South,1,213,42.94,2023,October,Q4,0.201596244
1/11/2023,Monitor,Accessories,North,4,3792,1092.85,2023,November,Q4,0.28819884
2/11/2023,Mouse,Accessories,East,2,1932,109.07,2023,November,Q4,0.056454451
3/11/2023,Keyboard,Accessories,West,4,4152,317.28,2023,November,Q4,0.076416185
4/11/2023,Smartphone,Electronics,North,7,3612,529.57,2023,November,Q4,0.146614064
5/11/2023,Smartphone,Electronics,East,2,2258,280.76,2023,November,Q4,0.124340124
6/11/2023,Camera,Electronics,South,3,594,47.73,2023,November,Q4,0.080353535
7/11/2023,Headphones,Accessories,West,7,8071,1799.06,2023,November,Q4,0.222904225
8/11/2023,Keyboard,Accessories,North,7,5838,631.45,2023,November,Q4,0.108162042
9/11/2023,Keyboard,Accessories,North,4,692,181.31,2023,November,Q4,0.262008671
10/11/2023,Keyboard,Accessories,South,3,1704,309.06,2023,November,Q4,0.181373239
11/11/2023,Printer,Office,South,5,3235,941.24,2023,November,Q4,0.290955178
12/11/2023,Mouse,Accessories,East,6,4746,545.57,2023,November,Q4,0.114953645
13-11-2023,Smartwatch,Electronics,South,8,7600,788.88,2023,November,Q4,0.1038
14-11-2023,Smartphone,Electronics,West,5,1935,128.01,2023,November,Q4,0.066155039
15-11-2023,Laptop,Electronics,North,3,1638,306.29,2023,November,Q4,0.186990232
16-11-2023,Keyboard,Accessories,West,7,4746,816.6,2023,November,Q4,0.172060683
17-11-2023,Smartphone,Electronics,North,8,4824,1187.93,2023,November,Q4,0.246254146
18-11-2023,Camera,Electronics,South,1,1193,153.72,2023,November,Q4,0.128851635
19-11-2023,Laptop,Electronics,East,2,562,92.94,2023,November,Q4,0.165373665
20-11-2023,Smartphone,Electronics,North,8,6200,1296.84,2023,November,Q4,0.209167742
21-11-2023,Printer,Office,North,8,4128,315.48,2023,November,Q4,0.076424419
22-11-2023,Printer,Office,East,5,5405,326.56,2023,November,Q4,0.060418131
23-11-2023,Laptop,Electronics,North,3,1371,104.66,2023,November,Q4,0.076338439
24-11-2023,Keyboard,Accessories,West,5,1405,194.33,2023,November,Q4,0.138313167
25-11-2023,Keyboard,Accessories,North,3,1644,158.32,2023,November,Q4,0.096301703
26-11-2023,Mouse,Accessories,West,6,3414,396.92,2023,November,Q4,0.116262449
27-11-2023,Laptop,Electronics,East,8,3272,674.57,2023,November,Q4,0.206164425
28-11-2023,Smartphone,Electronics,North,3,2655,646.91,2023,November,Q4,0.24365725
29-11-2023,Smartwatch,Electronics,West,7,1673,458.32,2023,November,Q4,0.273950986
30-11-2023,Tablet,Electronics,East,2,846,145.09,2023,November,Q4,0.171501182
1/12/2023,Smartphone,Electronics,East,1,985,196.64,2023,December,Q4,0.199634518
2/12/2023,Smartwatch,Electronics,North,9,7551,894.4,2023,December,Q4,0.118447888
3/12/2023,Tablet,Electronics,North,5,855,217.16,2023,December,Q4,0.253988304
4/12/2023,Camera,Electronics,South,2,396,94.55,2023,December,Q4,0.238762626
5/12/2023,Tablet,Electronics,West,8,2296,560.48,2023,December,Q4,0.244111498
6/12/2023,Monitor,Accessories,North,6,1704,199.94,2023,December,Q4,0.117335681
7/12/2023,Smartphone,Electronics,East,2,1180,261.16,2023,December,Q4,0.221322034
8/12/2023,Smartphone,Electronics,East,3,411,55.73,2023,December,Q4,0.135596107
9/12/2023,Mouse,Accessories,East,1,745,151.22,2023,December,Q4,0.202979866
10/12/2023,Printer,Office,West,9,10656,961.3,2023,December,Q4,0.090212087
11/12/2023,Mouse,Accessories,South,3,1494,178.5,2023,December,Q4,0.119477912
12/12/2023,Camera,Electronics,South,5,1755,358.01,2023,December,Q4,0.203994302
13-12-2023,Camera,Electronics,South,9,4941,894.52,2023,December,Q4,0.181040275
14-12-2023,Smartwatch,Electronics,North,6,6510,1539.18,2023,December,Q4,0.23643318
15-12-2023,Smartphone,Electronics,South,5,5465,719.92,2023,December,Q4,0.131732845
16-12-2023,Tablet,Electronics,South,3,3522,285.91,2023,December,Q4,0.081178308
17-12-2023,Tablet,Electronics,West,6,1656,139.86,2023,December,Q4,0.084456522
18-12-2023,Printer,Office,North,5,1255,257.15,2023,December,Q4,0.204900398
19-12-2023,Keyboard,Accessories,East,1,1192,320.13,2023,December,Q4,0.268565436
20-12-2023,Tablet,Electronics,West,5,1925,204.74,2023,December,Q4,0.106358442
21-12-2023,Tablet,Electronics,West,8,1688,337.33,2023,December,Q4,0.199840047
22-12-2023,Headphones,Accessories,South,1,260,16.81,2023,December,Q4,0.064653846
23-12-2023,Monitor,Accessories,West,5,4880,1250.66,2023,December,Q4,0.256282787
24-12-2023,Keyboard,Accessories,West,7,1134,179.74,2023,December,Q4,0.158500882
25-12-2023,Laptop,Electronics,North,9,9621,1201.29,2023,December,Q4,0.124861241
26-12-2023,Monitor,Accessories,South,4,2836,698.83,2023,December,Q4,0.246413963
27-12-2023,Printer,Office,North,9,5859,1153.89,2023,December,Q4,0.196943164
28-12-2023,Smartwatch,Electronics,South,2,2044,460.03,2023,December,Q4,0.225063601
29-12-2023,Monitor,Accessories,South,1,612,174.52,2023,December,Q4,0.285163399
30-12-2023,Smartwatch,Electronics,North,3,1890,492.31,2023,December,Q4,0.260481481
31-12-2023,Smartwatch,Electronics,East,5,2025,168.82,2023,December,Q4,0.083367901
1/1/2024,Printer,Office,South,2,1960,312.06,2024,January,Q1,0.159214286
2/1/2024,Camera,Electronics,North,6,4410,893.27,2024,January,Q1,0.202555556
3/1/2024,Keyboard,Accessories,West,8,8272,2391.88,2024,January,Q1,0.289153772
4/1/2024,Smartwatch,Electronics,West,6,5712,638.29,2024,January,Q1,0.111745448
5/1/2024,Smartwatch,Electronics,North,6,1524,178.36,2024,January,Q1,0.117034121
6/1/2024,Keyboard,Accessories,North,8,5160,1057.41,2024,January,Q1,0.204924419
7/1/2024,Mouse,Accessories,East,4,2956,451.6,2024,January,Q1,0.152774019
8/1/2024,Smartphone,Electronics,West,8,7944,2257.73,2024,January,Q1,0.28420569
9/1/2024,Camera,Electronics,North,5,1815,535.22,2024,January,Q1,0.294887052
10/1/2024,Headphones,Accessories,North,3,2706,546.97,2024,January,Q1,0.202132299
11/1/2024,Laptop,Electronics,North,2,1356,144.18,2024,January,Q1,0.106327434
12/1/2024,Printer,Office,South,6,6384,1189.19,2024,January,Q1,0.186276629
13-01-2024,Smartwatch,Electronics,South,9,4248,964.12,2024,January,Q1,0.226958569
14-01-2024,Monitor,Accessories,North,6,3954,676.82,2024,January,Q1,0.171173495
15-01-2024,Smartphone,Electronics,South,6,7110,739.6,2024,January,Q1,0.104022504
16-01-2024,Headphones,Accessories,South,7,8113,995.03,2024,January,Q1,0.12264637
17-01-2024,Headphones,Accessories,North,3,1830,183.62,2024,January,Q1,0.100338798
18-01-2024,Keyboard,Accessories,West,4,3732,671.19,2024,January,Q1,0.179847267
19-01-2024,Mouse,Accessories,West,6,4062,1087.17,2024,January,Q1,0.267644018
20-01-2024,Smartwatch,Electronics,North,1,496,93.31,2024,January,Q1,0.188125
21-01-2024,Smartwatch,Electronics,East,4,1104,84.31,2024,January,Q1,0.076367754
22-01-2024,Smartphone,Electronics,West,3,2274,662,2024,January,Q1,0.291116974
23-01-2024,Smartwatch,Electronics,North,8,4456,1106.04,2024,January,Q1,0.248213645
24-01-2024,Mouse,Accessories,West,8,4928,1038.18,2024,January,Q1,0.210669643
25-01-2024,Smartphone,Electronics,North,4,1740,224.79,2024,January,Q1,0.129189655
26-01-2024,Headphones,Accessories,North,2,178,31.46,2024,January,Q1,0.176741573
27-01-2024,Printer,Office,East,8,5296,1234.81,2024,January,Q1,0.233158988
28-01-2024,Mouse,Accessories,North,4,4156,847.09,2024,January,Q1,0.203823388
29-01-2024,Printer,Office,North,1,624,106.92,2024,January,Q1,0.171346154
30-01-2024,Smartphone,Electronics,West,4,3892,1052.72,2024,January,Q1,0.270483042
31-01-2024,Mouse,Accessories,South,9,1620,294.6,2024,January,Q1,0.181851852
1/2/2024,Mouse,Accessories,West,3,2250,301.97,2024,February,Q1,0.134208889
2/2/2024,Monitor,Accessories,West,2,1390,316.31,2024,February,Q1,0.227561151
3/2/2024,Camera,Electronics,South,5,5155,1325.16,2024,February,Q1,0.257063046
4/2/2024,Smartwatch,Electronics,North,5,1025,262.91,2024,February,Q1,0.256497561
5/2/2024,Mouse,Accessories,South,3,1785,244.52,2024,February,Q1,0.136985994
6/2/2024,Smartwatch,Electronics,North,9,2952,605.85,2024,February,Q1,0.20523374
7/2/2024,Headphones,Accessories,East,1,773,181.52,2024,February,Q1,0.234825356
8/2/2024,Tablet,Electronics,North,8,1640,361.48,2024,February,Q1,0.220414634
9/2/2024,Keyboard,Accessories,East,1,1017,69.33,2024,February,Q1,0.068171091
10/2/2024,Headphones,Accessories,East,4,1964,349.91,2024,February,Q1,0.178161914
11/2/2024,Mouse,Accessories,North,3,2994,638.59,2024,February,Q1,0.213289913
12/2/2024,Printer,Office,East,9,8046,2210.33,2024,February,Q1,0.274711658
13-02-2024,Printer,Office,West,2,1874,271.5,2024,February,Q1,0.144877268
14-02-2024,Mouse,Accessories,North,8,6008,871.76,2024,February,Q1,0.145099867
15-02-2024,Camera,Electronics,East,8,7240,411.19,2024,February,Q1,0.056794199
16-02-2024,Monitor,Accessories,South,9,1188,348.31,2024,February,Q1,0.293190236
17-02-2024,Headphones,Accessories,North,9,2997,163.34,2024,February,Q1,0.054501168
18-02-2024,Printer,Office,West,9,7524,2017.85,2024,February,Q1,0.268188464
19-02-2024,Monitor,Accessories,North,5,3625,268.73,2024,February,Q1,0.074132414
20-02-2024,Laptop,Electronics,East,8,6952,871.2,2024,February,Q1,0.125316456
21-02-2024,Camera,Electronics,North,9,1053,283.58,2024,February,Q1,0.269306743
22-02-2024,Monitor,Accessories,North,9,6696,1224.22,2024,February,Q1,0.182828554
23-02-2024,Headphones,Accessories,North,2,1420,93.59,2024,February,Q1,0.065908451
24-02-2024,Camera,Electronics,West,9,9972,2566.01,2024,February,Q1,0.2573215
25-02-2024,Laptop,Electronics,South,8,3136,494.26,2024,February,Q1,0.157608418
26-02-2024,Camera,Electronics,West,3,225,20.52,2024,February,Q1,0.0912
27-02-2024,Mouse,Accessories,East,3,1662,375.04,2024,February,Q1,0.225655836
28-02-2024,Printer,Office,West,4,500,85.96,2024,February,Q1,0.17192
29-02-2024,Smartphone,Electronics,North,8,3168,747.33,2024,February,Q1,0.235899621
1/3/2024,Smartphone,Electronics,East,1,622,104.57,2024,March,Q1,0.168118971
2/3/2024,Tablet,Electronics,North,3,1233,361.12,2024,March,Q1,0.292879157
3/3/2024,Laptop,Electronics,West,3,573,116.14,2024,March,Q1,0.202687609
4/3/2024,Tablet,Electronics,South,1,702,129.34,2024,March,Q1,0.184245014
5/3/2024,Laptop,Electronics,South,8,4832,1261.06,2024,March,Q1,0.26098096
6/3/2024,Printer,Office,North,5,3765,670.8,2024,March,Q1,0.178167331
7/3/2024,Camera,Electronics,North,8,6928,1415.16,2024,March,Q1,0.204266744
8/3/2024,Headphones,Accessories,West,7,1624,436.13,2024,March,Q1,0.268552956
9/3/2024,Headphones,Accessories,North,1,68,10.39,2024,March,Q1,0.152794118
10/3/2024,Mouse,Accessories,North,1,651,187.99,2024,March,Q1,0.288771121
11/3/2024,Printer,Office,North,7,6293,718.49,2024,March,Q1,0.114172891
12/3/2024,Keyboard,Accessories,West,2,1068,85.71,2024,March,Q1,0.080252809
13-03-2024,Keyboard,Accessories,North,1,381,26.69,2024,March,Q1,0.070052493
14-03-2024,Printer,Office,South,2,2016,426.43,2024,March,Q1,0.211522817
15-03-2024,Headphones,Accessories,West,2,1224,340.67,2024,March,Q1,0.278325163
16-03-2024,Monitor,Accessories,South,5,2180,400.01,2024,March,Q1,0.183490826
17-03-2024,Laptop,Electronics,North,9,2853,353.09,2024,March,Q1,0.123760953
18-03-2024,Mouse,Accessories,South,1,272,45.33,2024,March,Q1,0.166654412
19-03-2024,Smartphone,Electronics,North,4,2640,183.23,2024,March,Q1,0.069405303
20-03-2024,Monitor,Accessories,North,2,488,129.02,2024,March,Q1,0.264385246
21-03-2024,Printer,Office,South,8,9184,1795.93,2024,March,Q1,0.195549869
22-03-2024,Tablet,Electronics,North,5,280,23.98,2024,March,Q1,0.085642857
23-03-2024,Keyboard,Accessories,East,3,2889,604.45,2024,March,Q1,0.209224645
24-03-2024,Laptop,Electronics,West,1,625,125.9,2024,March,Q1,0.20144
25-03-2024,Keyboard,Accessories,South,8,7056,538.48,2024,March,Q1,0.076315193
26-03-2024,Tablet,Electronics,West,8,3936,720.2,2024,March,Q1,0.182977642
27-03-2024,Smartwatch,Electronics,East,6,2472,363.38,2024,March,Q1,0.146998382
28-03-2024,Mouse,Accessories,West,5,855,67.57,2024,March,Q1,0.07902924
29-03-2024,Mouse,Accessories,West,3,3480,560.39,2024,March,Q1,0.161031609
30-03-2024,Camera,Electronics,South,1,846,103.3,2024,March,Q1,0.122104019
31-03-2024,Keyboard,Accessories,North,1,158,46.24,2024,March,Q1,0.292658228
1/4/2024,Mouse,Accessories,South,9,3186,583.24,2024,April,Q2,0.183063402
2/4/2024,Mouse,Accessories,North,7,6972,969.43,2024,April,Q2,0.139046185
3/4/2024,Mouse,Accessories,East,5,1745,449.64,2024,April,Q2,0.257673352
4/4/2024,Laptop,Electronics,East,8,4256,372.95,2024,April,Q2,0.087629229
5/4/2024,Keyboard,Accessories,South,3,1674,499.63,2024,April,Q2,0.298464755
6/4/2024,Camera,Electronics,North,8,6488,1072.86,2024,April,Q2,0.165360666
7/4/2024,Tablet,Electronics,East,5,3530,803.86,2024,April,Q2,0.22772238
8/4/2024,Mouse,Accessories,North,2,632,87.45,2024,April,Q2,0.138370253
9/4/2024,Monitor,Accessories,North,7,3675,236.8,2024,April,Q2,0.064435374
10/4/2024,Smartwatch,Electronics,West,6,5592,926.42,2024,April,Q2,0.165668813
11/4/2024,Keyboard,Accessories,East,6,6432,807.94,2024,April,Q2,0.125612562
12/4/2024,Camera,Electronics,East,3,3069,503.3,2024,April,Q2,0.163994787
13-04-2024,Keyboard,Accessories,North,7,2898,490.11,2024,April,Q2,0.169120083
14-04-2024,Tablet,Electronics,North,4,3960,632.76,2024,April,Q2,0.159787879
15-04-2024,Tablet,Electronics,South,3,1476,85.16,2024,April,Q2,0.057696477
16-04-2024,Printer,Office,East,2,1058,298.69,2024,April,Q2,0.28231569
17-04-2024,Monitor,Accessories,South,5,1215,162.02,2024,April,Q2,0.133349794
18-04-2024,Camera,Electronics,North,3,204,20.43,2024,April,Q2,0.100147059
19-04-2024,Tablet,Electronics,West,7,4137,221.66,2024,April,Q2,0.053579889
20-04-2024,Camera,Electronics,West,5,250,16.81,2024,April,Q2,0.06724
21-04-2024,Tablet,Electronics,West,5,1185,254.34,2024,April,Q2,0.214632911
22-04-2024,Headphones,Accessories,South,2,1504,108.52,2024,April,Q2,0.072154255
23-04-2024,Keyboard,Accessories,West,6,6888,945.07,2024,April,Q2,0.137205285
24-04-2024,Smartphone,Electronics,West,3,3588,958.84,2024,April,Q2,0.267235229
25-04-2024,Laptop,Electronics,South,7,1477,367.22,2024,April,Q2,0.248625592
26-04-2024,Smartwatch,Electronics,East,8,1280,131.56,2024,April,Q2,0.10278125
27-04-2024,Tablet,Electronics,South,7,7161,630.76,2024,April,Q2,0.08808267
28-04-2024,Printer,Office,North,5,1850,346.4,2024,April,Q2,0.187243243
29-04-2024,Mouse,Accessories,East,3,3378,520.31,2024,April,Q2,0.154029011
30-04-2024,Laptop,Electronics,West,7,7672,2046.38,2024,April,Q2,0.266733577
1/5/2024,Tablet,Electronics,South,6,4254,938.66,2024,May,Q2,0.220653503
2/5/2024,Keyboard,Accessories,East,5,2285,279.9,2024,May,Q2,0.12249453
3/5/2024,Keyboard,Accessories,West,7,5775,680.6,2024,May,Q2,0.117852814
4/5/2024,Smartphone,Electronics,North,9,9360,910.35,2024,May,Q2,0.097259615
5/5/2024,Printer,Office,North,8,6936,1156.52,2024,May,Q2,0.166741638
6/5/2024,Camera,Electronics,East,9,5634,464.71,2024,May,Q2,0.082483138
7/5/2024,Smartphone,Electronics,North,4,2644,731.86,2024,May,Q2,0.276800303
8/5/2024,Headphones,Accessories,North,1,247,35.65,2024,May,Q2,0.144331984
9/5/2024,Laptop,Electronics,East,7,1869,357.27,2024,May,Q2,0.191155698
10/5/2024,Smartwatch,Electronics,West,7,1988,430.59,2024,May,Q2,0.216594567
11/5/2024,Laptop,Electronics,West,4,1920,549.11,2024,May,Q2,0.285994792
12/5/2024,Headphones,Accessories,West,3,2577,196.37,2024,May,Q2,0.076201009
13-05-2024,Camera,Electronics,East,3,828,117.95,2024,May,Q2,0.142451691
14-05-2024,Camera,Electronics,South,2,1580,403.76,2024,May,Q2,0.255544304
15-05-2024,Camera,Electronics,East,9,9009,1909.26,2024,May,Q2,0.211928072
16-05-2024,Smartphone,Electronics,East,9,7425,1580.86,2024,May,Q2,0.212910438
17-05-2024,Monitor,Accessories,West,5,2945,672.35,2024,May,Q2,0.228302207
18-05-2024,Mouse,Accessories,West,3,294,22.9,2024,May,Q2,0.077891156
19-05-2024,Mouse,Accessories,South,5,5875,789.23,2024,May,Q2,0.134337021
20-05-2024,Smartwatch,Electronics,West,3,1308,197.6,2024,May,Q2,0.151070336
21-05-2024,Monitor,Accessories,South,4,2360,391.82,2024,May,Q2,0.166025424
22-05-2024,Smartwatch,Electronics,West,6,1008,245.45,2024,May,Q2,0.243501984
23-05-2024,Smartwatch,Electronics,North,6,1344,338.4,2024,May,Q2,0.251785714
24-05-2024,Printer,Office,West,7,5635,1185.97,2024,May,Q2,0.210464951
25-05-2024,Mouse,Accessories,East,4,4088,1200.03,2024,May,Q2,0.293549413
26-05-2024,Camera,Electronics,South,8,2192,441.77,2024,May,Q2,0.201537409
27-05-2024,Keyboard,Accessories,South,8,1952,444.15,2024,May,Q2,0.227535861
28-05-2024,Smartphone,Electronics,East,7,3955,1144.76,2024,May,Q2,0.289446271
29-05-2024,Mouse,Accessories,South,8,5256,1118.16,2024,May,Q2,0.212739726
30-05-2024,Camera,Electronics,North,1,1163,115.09,2024,May,Q2,0.098959587
31-05-2024,Smartwatch,Electronics,North,9,5004,973.65,2024,May,Q2,0.194574341
1/6/2024,Mouse,Accessories,North,8,9128,1342.19,2024,June,Q2,0.147040973
2/6/2024,Laptop,Electronics,East,4,4700,576.34,2024,June,Q2,0.122625532
3/6/2024,Camera,Electronics,West,2,1686,146.39,2024,June,Q2,0.086826809
4/6/2024,Keyboard,Accessories,South,9,4572,279.54,2024,June,Q2,0.061141732
5/6/2024,Smartphone,Electronics,South,5,2510,515.12,2024,June,Q2,0.205227092
6/6/2024,Smartphone,Electronics,West,3,3117,829.09,2024,June,Q2,0.265989734
7/6/2024,Laptop,Electronics,West,1,380,94.35,2024,June,Q2,0.248289474
8/6/2024,Monitor,Accessories,West,9,2889,604.19,2024,June,Q2,0.209134649
9/6/2024,Smartwatch,Electronics,East,9,3654,581.9,2024,June,Q2,0.159250137
10/6/2024,Printer,Office,East,6,5610,298.77,2024,June,Q2,0.053256684
11/6/2024,Smartphone,Electronics,South,1,668,99.4,2024,June,Q2,0.148802395
12/6/2024,Smartphone,Electronics,South,7,3983,360.13,2024,June,Q2,0.090416771
13-06-2024,Keyboard,Accessories,South,1,1112,272.81,2024,June,Q2,0.245332734
14-06-2024,Monitor,Accessories,North,9,4230,221.06,2024,June,Q2,0.052260047
15-06-2024,Tablet,Electronics,East,8,2968,530.3,2024,June,Q2,0.178672507
16-06-2024,Monitor,Accessories,West,5,4690,706.74,2024,June,Q2,0.150690832
17-06-2024,Camera,Electronics,West,6,4296,1240.31,2024,June,Q2,0.288712756
18-06-2024,Camera,Electronics,North,7,7203,523.52,2024,June,Q2,0.072680827
19-06-2024,Smartphone,Electronics,North,4,3640,695.31,2024,June,Q2,0.191019231
20-06-2024,Smartphone,Electronics,East,1,1131,304.62,2024,June,Q2,0.26933687
21-06-2024,Camera,Electronics,West,9,3627,797.53,2024,June,Q2,0.219886959
22-06-2024,Mouse,Accessories,South,8,7968,1249.98,2024,June,Q2,0.156875
23-06-2024,Headphones,Accessories,South,3,3546,490.28,2024,June,Q2,0.138262831
24-06-2024,Tablet,Electronics,South,5,2270,546.56,2024,June,Q2,0.24077533
25-06-2024,Keyboard,Accessories,West,2,1354,136.91,2024,June,Q2,0.101115214
26-06-2024,Headphones,Accessories,West,7,6811,1423.57,2024,June,Q2,0.209010424
27-06-2024,Smartwatch,Electronics,East,3,1410,232.65,2024,June,Q2,0.165
28-06-2024,Keyboard,Accessories,North,2,1170,249.99,2024,June,Q2,0.213666667
29-06-2024,Laptop,Electronics,East,7,4739,740.74,2024,June,Q2,0.156307238
30-06-2024,Mouse,Accessories,South,9,7866,1554.38,2024,June,Q2,0.197607424
1/7/2024,Monitor,Accessories,East,5,3645,388.31,2024,July,Q3,0.106532236
2/7/2024,Headphones,Accessories,East,6,5358,568.34,2024,July,Q3,0.106073162
3/7/2024,Camera,Electronics,North,5,1775,486.37,2024,July,Q3,0.274011268
4/7/2024,Headphones,Accessories,South,9,4905,1351.25,2024,July,Q3,0.2754842
5/7/2024,Mouse,Accessories,East,6,4260,372.33,2024,July,Q3,0.087401408
6/7/2024,Printer,Office,East,2,1632,292.78,2024,July,Q3,0.17939951
7/7/2024,Smartwatch,Electronics,East,6,3324,466.78,2024,July,Q3,0.140427196
8/7/2024,Camera,Electronics,West,5,4590,347.14,2024,July,Q3,0.07562963
9/7/2024,Laptop,Electronics,East,9,8496,2182.42,2024,July,Q3,0.256876177
10/7/2024,Printer,Office,North,6,6444,518.79,2024,July,Q3,0.080507449
11/7/2024,Camera,Electronics,North,1,812,51.13,2024,July,Q3,0.06296798
12/7/2024,Monitor,Accessories,West,6,1764,465.93,2024,July,Q3,0.264132653
13-07-2024,Printer,Office,West,1,1012,172.67,2024,July,Q3,0.17062253
14-07-2024,Keyboard,Accessories,South,2,836,47.07,2024,July,Q3,0.056303828
15-07-2024,Smartwatch,Electronics,East,1,723,115.26,2024,July,Q3,0.159419087
16-07-2024,Headphones,Accessories,North,6,5628,1033.15,2024,July,Q3,0.183573205
17-07-2024,Laptop,Electronics,North,5,1660,283.14,2024,July,Q3,0.170566265
18-07-2024,Headphones,Accessories,West,3,2295,244.83,2024,July,Q3,0.106679739
19-07-2024,Printer,Office,East,2,2190,477.8,2024,July,Q3,0.218173516
20-07-2024,Tablet,Electronics,East,7,3500,919.35,2024,July,Q3,0.262671429
21-07-2024,Headphones,Accessories,West,2,1098,239.92,2024,July,Q3,0.218506375
22-07-2024,Mouse,Accessories,North,5,945,194.03,2024,July,Q3,0.205322751
23-07-2024,Mouse,Accessories,West,6,5622,1382.67,2024,July,Q3,0.245939168
24-07-2024,Camera,Electronics,East,3,2325,309.49,2024,July,Q3,0.133113978
25-07-2024,Keyboard,Accessories,South,1,1157,252.08,2024,July,Q3,0.217873812
26-07-2024,Printer,Office,West,3,531,126.24,2024,July,Q3,0.237740113
27-07-2024,Tablet,Electronics,West,2,1760,278.09,2024,July,Q3,0.158005682
28-07-2024,Smartwatch,Electronics,North,1,371,108.58,2024,July,Q3,0.292668464
29-07-2024,Smartphone,Electronics,East,4,1896,191.7,2024,July,Q3,0.101107595
30-07-2024,Smartwatch,Electronics,South,2,514,106.75,2024,July,Q3,0.207684825
31-07-2024,Monitor,Accessories,West,7,1876,129.25,2024,July,Q3,0.068896588
1/8/2024,Camera,Electronics,East,6,1182,236.12,2024,August,Q3,0.199763113
2/8/2024,Smartphone,Electronics,North,5,4255,961.41,2024,August,Q3,0.225948296
3/8/2024,Monitor,Accessories,North,9,1341,150.7,2024,August,Q3,0.112378822
4/8/2024,Keyboard,Accessories,North,1,644,49.25,2024,August,Q3,0.076475155
5/8/2024,Monitor,Accessories,South,3,1827,94.4,2024,August,Q3,0.051669403
6/8/2024,Camera,Electronics,North,1,930,136.16,2024,August,Q3,0.146408602
7/8/2024,Camera,Electronics,South,4,528,152.8,2024,August,Q3,0.289393939
8/8/2024,Monitor,Accessories,South,6,4236,739.22,2024,August,Q3,0.174508971
9/8/2024,Headphones,Accessories,North,4,1664,190.82,2024,August,Q3,0.114675481
10/8/2024,Smartwatch,Electronics,North,3,2727,554.46,2024,August,Q3,0.203322332
11/8/2024,Smartwatch,Electronics,North,2,522,52.73,2024,August,Q3,0.101015326
12/8/2024,Mouse,Accessories,West,7,8288,1945.03,2024,August,Q3,0.234680261
13-08-2024,Laptop,Electronics,West,9,1062,73.58,2024,August,Q3,0.069284369
14-08-2024,Smartphone,Electronics,East,3,1140,226.52,2024,August,Q3,0.198701754
15-08-2024,Keyboard,Accessories,East,8,3488,712.24,2024,August,Q3,0.204197248
16-08-2024,Tablet,Electronics,North,8,5920,1436.7,2024,August,Q3,0.242685811
17-08-2024,Monitor,Accessories,North,9,3096,362.89,2024,August,Q3,0.117212532
18-08-2024,Monitor,Accessories,South,5,3490,205.04,2024,August,Q3,0.058750716
19-08-2024,Smartwatch,Electronics,South,6,4374,702.62,2024,August,Q3,0.160635574
20-08-2024,Smartphone,Electronics,South,6,3366,541.86,2024,August,Q3,0.160980392
21-08-2024,Printer,Office,East,6,822,231.62,2024,August,Q3,0.281776156
22-08-2024,Monitor,Accessories,North,2,340,39.12,2024,August,Q3,0.115058824
23-08-2024,Mouse,Accessories,East,1,763,217.94,2024,August,Q3,0.285635649
24-08-2024,Headphones,Accessories,West,4,3408,856.98,2024,August,Q3,0.251461268
25-08-2024,Tablet,Electronics,West,7,2282,537.71,2024,August,Q3,0.235631025
26-08-2024,Camera,Electronics,South,7,4151,1047.43,2024,August,Q3,0.252331968
27-08-2024,Laptop,Electronics,North,7,6279,1689.55,2024,August,Q3,0.269079471
28-08-2024,Monitor,Accessories,North,3,474,83.32,2024,August,Q3,0.175780591
29-08-2024,Monitor,Accessories,West,5,680,176.44,2024,August,Q3,0.259470588
30-08-2024,Headphones,Accessories,West,9,8496,1721.6,2024,August,Q3,0.202636535
31-08-2024,Keyboard,Accessories,South,7,7826,714.68,2024,August,Q3,0.091321237
1/9/2024,Mouse,Accessories,South,6,4014,717.44,2024,September,Q3,0.178734429
2/9/2024,Laptop,Electronics,East,1,687,62.82,2024,September,Q3,0.091441048
3/9/2024,Smartwatch,Electronics,South,3,2943,234.27,2024,September,Q3,0.079602446
4/9/2024,Printer,Office,East,7,5649,660.37,2024,September,Q3,0.116900336
5/9/2024,Tablet,Electronics,North,8,3296,623.67,2024,September,Q3,0.189220267
6/9/2024,Headphones,Accessories,North,3,1137,173.92,2024,September,Q3,0.15296394
7/9/2024,Smartphone,Electronics,North,2,380,101.7,2024,September,Q3,0.267631579
8/9/2024,Laptop,Electronics,West,5,4405,1247.86,2024,September,Q3,0.283282633
9/9/2024,Tablet,Electronics,East,1,120,9.43,2024,September,Q3,0.078583333
10/9/2024,Printer,Office,East,1,1176,182.07,2024,September,Q3,0.154821429
11/9/2024,Camera,Electronics,South,3,1770,366.58,2024,September,Q3,0.207107345
12/9/2024,Camera,Electronics,South,6,4302,965.02,2024,September,Q3,0.224318921
13-09-2024,Camera,Electronics,North,3,2988,362.68,2024,September,Q3,0.121378849
14-09-2024,Headphones,Accessories,East,3,3033,458.41,2024,September,Q3,0.151140785
15-09-2024,Mouse,Accessories,South,9,6363,1752.65,2024,September,Q3,0.275443973
16-09-2024,Tablet,Electronics,West,6,3402,501.29,2024,September,Q3,0.147351558
17-09-2024,Keyboard,Accessories,South,4,3496,1032.81,2024,September,Q3,0.295426201
18-09-2024,Monitor,Accessories,East,4,1080,204.95,2024,September,Q3,0.189768519
19-09-2024,Headphones,Accessories,East,6,1530,218.99,2024,September,Q3,0.143130719
20-09-2024,Keyboard,Accessories,West,4,3568,764.2,2024,September,Q3,0.214181614
21-09-2024,Smartphone,Electronics,West,1,954,48.97,2024,September,Q3,0.051331237
22-09-2024,Camera,Electronics,West,4,1196,223.66,2024,September,Q3,0.187006689
23-09-2024,Smartwatch,Electronics,North,4,2136,217.47,2024,September,Q3,0.101811798
24-09-2024,Printer,Office,South,9,8496,2316.03,2024,September,Q3,0.272602401
25-09-2024,Laptop,Electronics,West,7,7280,1450.82,2024,September,Q3,0.199288462
26-09-2024,Smartwatch,Electronics,South,5,4935,625.39,2024,September,Q3,0.126725431
27-09-2024,Tablet,Electronics,South,8,9056,872.48,2024,September,Q3,0.096342756
28-09-2024,Smartwatch,Electronics,South,1,563,46.96,2024,September,Q3,0.083410302
29-09-2024,Printer,Office,South,2,1570,247.7,2024,September,Q3,0.157770701
30-09-2024,Camera,Electronics,North,3,2181,517.02,2024,September,Q3,0.237056396
1/10/2024,Mouse,Accessories,North,4,3808,442.33,2024,October,Q4,0.116158088
2/10/2024,Keyboard,Accessories,West,7,6552,635.09,2024,October,Q4,0.096930708
3/10/2024,Laptop,Electronics,South,8,6544,1086.29,2024,October,Q4,0.165997861
4/10/2024,Mouse,Accessories,West,3,2631,157.19,2024,October,Q4,0.059745344
5/10/2024,Monitor,Accessories,West,9,945,94.75,2024,October,Q4,0.10026455
6/10/2024,Monitor,Accessories,West,2,760,192.42,2024,October,Q4,0.253184211
7/10/2024,Monitor,Accessories,North,4,1392,394.48,2024,October,Q4,0.283390805
8/10/2024,Smartwatch,Electronics,East,3,1242,206.74,2024,October,Q4,0.166457327
9/10/2024,Laptop,Electronics,East,3,3183,868.73,2024,October,Q4,0.272928055
10/10/2024,Monitor,Accessories,West,5,4260,229.77,2024,October,Q4,0.05393662
11/10/2024,Smartphone,Electronics,West,1,1041,132.46,2024,October,Q4,0.127243036
12/10/2024,Smartwatch,Electronics,East,3,1692,348.81,2024,October,Q4,0.206152482
13-10-2024,Camera,Electronics,North,4,1728,403.06,2024,October,Q4,0.233252315
14-10-2024,Camera,Electronics,South,4,4484,893.27,2024,October,Q4,0.199212756
15-10-2024,Smartphone,Electronics,East,7,4123,750.05,2024,October,Q4,0.181918506
16-10-2024,Mouse,Accessories,East,2,2372,392.07,2024,October,Q4,0.165290894
17-10-2024,Smartphone,Electronics,East,7,5201,745.2,2024,October,Q4,0.143280138
18-10-2024,Mouse,Accessories,South,5,3100,695.28,2024,October,Q4,0.224283871
19-10-2024,Smartwatch,Electronics,East,6,5292,1105.95,2024,October,Q4,0.208985261
20-10-2024,Tablet,Electronics,South,6,5952,971.53,2024,October,Q4,0.163227487
21-10-2024,Smartphone,Electronics,East,4,1932,472.91,2024,October,Q4,0.244777433
22-10-2024,Tablet,Electronics,West,6,3486,1011.74,2024,October,Q4,0.290229489
23-10-2024,Tablet,Electronics,West,2,1708,441.43,2024,October,Q4,0.258448478
24-10-2024,Monitor,Accessories,South,4,4324,288.12,2024,October,Q4,0.066632747
25-10-2024,Laptop,Electronics,South,4,2708,302.14,2024,October,Q4,0.111573117
26-10-2024,Printer,Office,West,8,7944,1142.83,2024,October,Q4,0.143860775
27-10-2024,Camera,Electronics,East,3,684,39.33,2024,October,Q4,0.0575
28-10-2024,Printer,Office,West,9,5904,1440.45,2024,October,Q4,0.243978659
29-10-2024,Printer,Office,South,5,4970,1080.12,2024,October,Q4,0.217327968
30-10-2024,Headphones,Accessories,West,2,2288,234.97,2024,October,Q4,0.102696678
31-10-2024,Smartphone,Electronics,East,6,4662,350.79,2024,October,Q4,0.07524453
1/11/2024,Mouse,Accessories,East,4,2532,404.96,2024,November,Q4,0.159936809
2/11/2024,Tablet,Electronics,South,8,9328,1008.6,2024,November,Q4,0.108126072
3/11/2024,Printer,Office,North,1,686,86.18,2024,November,Q4,0.125626822
4/11/2024,Smartwatch,Electronics,South,6,1290,343.35,2024,November,Q4,0.266162791
5/11/2024,Printer,Office,West,5,1205,235.19,2024,November,Q4,0.195178423
6/11/2024,Headphones,Accessories,South,7,7966,1313.56,2024,November,Q4,0.164895807
7/11/2024,Camera,Electronics,North,7,1085,130.72,2024,November,Q4,0.120479263
8/11/2024,Monitor,Accessories,West,9,6633,1239.11,2024,November,Q4,0.18680989
9/11/2024,Laptop,Electronics,North,7,5096,971.5,2024,November,Q4,0.190639717
10/11/2024,Tablet,Electronics,East,4,4120,710.07,2024,November,Q4,0.172347087
11/11/2024,Monitor,Accessories,West,3,1479,207.58,2024,November,Q4,0.140351589
12/11/2024,Smartphone,Electronics,West,7,1652,397.49,2024,November,Q4,0.24061138
13-11-2024,Laptop,Electronics,South,1,1028,240.61,2024,November,Q4,0.23405642
14-11-2024,Monitor,Accessories,East,4,4580,655.14,2024,November,Q4,0.143043668
15-11-2024,Monitor,Accessories,South,8,2152,196.53,2024,November,Q4,0.091324349
16-11-2024,Monitor,Accessories,South,6,4566,866.13,2024,November,Q4,0.189691196
17-11-2024,Headphones,Accessories,East,3,2244,301.53,2024,November,Q4,0.134371658
18-11-2024,Mouse,Accessories,West,4,1344,140.52,2024,November,Q4,0.104553571
19-11-2024,Printer,Office,South,6,2622,131.53,2024,November,Q4,0.050163997
20-11-2024,Smartphone,Electronics,South,1,325,46.84,2024,November,Q4,0.144123077
21-11-2024,Keyboard,Accessories,West,1,960,95.88,2024,November,Q4,0.099875
22-11-2024,Smartphone,Electronics,North,7,2639,268.88,2024,November,Q4,0.101887078
23-11-2024,Printer,Office,South,5,1025,246.15,2024,November,Q4,0.240146341
24-11-2024,Monitor,Accessories,West,2,1924,434.86,2024,November,Q4,0.226018711
25-11-2024,Smartphone,Electronics,North,2,1660,362.88,2024,November,Q4,0.21860241
26-11-2024,Printer,Office,North,1,985,105.09,2024,November,Q4,0.106690355
27-11-2024,Keyboard,Accessories,North,5,2600,537.11,2024,November,Q4,0.206580769
28-11-2024,Camera,Electronics,West,4,2792,725.35,2024,November,Q4,0.259795845
29-11-2024,Headphones,Accessories,North,2,378,87.37,2024,November,Q4,0.231137566
30-11-2024,Camera,Electronics,West,8,968,271.61,2024,November,Q4,0.280588843
1/12/2024,Smartwatch,Electronics,North,3,564,108.35,2024,December,Q4,0.192109929
2/12/2024,Laptop,Electronics,South,5,2365,667.61,2024,December,Q4,0.282287526
3/12/2024,Smartphone,Electronics,West,6,3252,834.84,2024,December,Q4,0.256715867
4/12/2024,Camera,Electronics,North,1,276,42.68,2024,December,Q4,0.154637681
5/12/2024,Mouse,Accessories,West,3,3408,205.76,2024,December,Q4,0.060375587
6/12/2024,Laptop,Electronics,East,6,1398,180.88,2024,December,Q4,0.129384835
7/12/2024,Keyboard,Accessories,North,4,904,108.85,2024,December,Q4,0.120409292
8/12/2024,Keyboard,Accessories,South,1,1178,161.06,2024,December,Q4,0.13672326
9/12/2024,Headphones,Accessories,West,3,2535,292.19,2024,December,Q4,0.115262327
10/12/2024,Tablet,Electronics,West,1,496,146.92,2024,December,Q4,0.296209677
11/12/2024,Smartphone,Electronics,West,4,3888,284.17,2024,December,Q4,0.073088992
12/12/2024,Tablet,Electronics,East,7,4921,798.16,2024,December,Q4,0.162194676
13-12-2024,Smartwatch,Electronics,West,8,4472,290.79,2024,December,Q4,0.065024597
14-12-2024,Tablet,Electronics,North,3,603,153.37,2024,December,Q4,0.254344942
15-12-2024,Headphones,Accessories,West,9,1899,501.4,2024,December,Q4,0.264033702
16-12-2024,Printer,Office,North,4,544,67.84,2024,December,Q4,0.124705882
17-12-2024,Monitor,Accessories,North,9,6471,1844.59,2024,December,Q4,0.28505486
18-12-2024,Keyboard,Accessories,North,1,677,54.14,2024,December,Q4,0.079970458
19-12-2024,Laptop,Electronics,South,4,1372,302.58,2024,December,Q4,0.220539359
20-12-2024,Keyboard,Accessories,North,9,7542,1477.49,2024,December,Q4,0.195901618
21-12-2024,Monitor,Accessories,West,1,924,125.65,2024,December,Q4,0.135984848
22-12-2024,Smartphone,Electronics,East,5,3940,755.11,2024,December,Q4,0.191652284
23-12-2024,Tablet,Electronics,West,2,374,49.26,2024,December,Q4,0.13171123
24-12-2024,Printer,Office,North,5,1800,252.69,2024,December,Q4,0.140383333
25-12-2024,Monitor,Accessories,West,5,3170,868.34,2024,December,Q4,0.27392429
26-12-2024,Headphones,Accessories,North,7,5362,1029.47,2024,December,Q4,0.191993659
27-12-2024,Monitor,Accessories,East,9,5976,1747.57,2024,December,Q4,0.292431392
28-12-2024,Keyboard,Accessories,North,9,8514,1400.4,2024,December,Q4,0.16448203
29-12-2024,Laptop,Electronics,South,1,810,157.47,2024,December,Q4,0.194407407
30-12-2024,Mouse,Accessories,South,1,71,12.02,2024,December,Q4,0.169295775
31-12-2024,Laptop,Electronics,North,1,651,57.94,2024,December,Q4,0.089001536
1/1/2025,Monitor,Accessories,North,3,1245,119.11,2025,January,Q1,0.095670683
2/1/2025,Monitor,Accessories,West,1,464,58.38,2025,January,Q1,0.125818966
3/1/2025,Monitor,Accessories,North,5,5155,356.43,2025,January,Q1,0.06914258
4/1/2025,Smartphone,Electronics,East,5,5175,786.27,2025,January,Q1,0.151936232
5/1/2025,Smartphone,Electronics,East,2,1668,470.42,2025,January,Q1,0.282026379
6/1/2025,Printer,Office,East,3,1872,532.81,2025,January,Q1,0.284620726
7/1/2025,Laptop,Electronics,North,3,513,132.56,2025,January,Q1,0.258401559
8/1/2025,Printer,Office,West,2,2276,366.5,2025,January,Q1,0.16102812
9/1/2025,Mouse,Accessories,West,4,3428,305.79,2025,January,Q1,0.089203617
10/1/2025,Keyboard,Accessories,East,2,1640,176.87,2025,January,Q1,0.107847561
11/1/2025,Camera,Electronics,East,7,7077,1921.73,2025,January,Q1,0.271545853
12/1/2025,Printer,Office,South,9,9225,1391.15,2025,January,Q1,0.150802168
13-01-2025,Mouse,Accessories,South,5,3910,584.77,2025,January,Q1,0.149557545
14-01-2025,Printer,Office,West,5,1995,369.22,2025,January,Q1,0.185072682
15-01-2025,Keyboard,Accessories,North,7,385,43.43,2025,January,Q1,0.112805195
16-01-2025,Mouse,Accessories,East,4,4316,566.7,2025,January,Q1,0.131302132
17-01-2025,Smartwatch,Electronics,North,1,1169,340.69,2025,January,Q1,0.291437126
18-01-2025,Headphones,Accessories,East,5,2325,506.32,2025,January,Q1,0.217772043
19-01-2025,Monitor,Accessories,North,1,199,48.92,2025,January,Q1,0.245829146
20-01-2025,Smartwatch,Electronics,South,3,375,80.58,2025,January,Q1,0.21488
21-01-2025,Laptop,Electronics,East,9,8010,763.32,2025,January,Q1,0.09529588
22-01-2025,Mouse,Accessories,East,4,316,77.13,2025,January,Q1,0.244082278
23-01-2025,Camera,Electronics,South,9,5895,442.49,2025,January,Q1,0.075061917
24-01-2025,Headphones,Accessories,East,4,388,35.21,2025,January,Q1,0.090747423
25-01-2025,Mouse,Accessories,West,5,3670,462.97,2025,January,Q1,0.126149864
26-01-2025,Smartphone,Electronics,East,9,7731,2178.05,2025,January,Q1,0.281729401
27-01-2025,Laptop,Electronics,South,3,1596,91.23,2025,January,Q1,0.057161654
28-01-2025,Camera,Electronics,East,4,4192,216.16,2025,January,Q1,0.051564885
29-01-2025,Tablet,Electronics,West,7,5264,756.33,2025,January,Q1,0.143679711
30-01-2025,Laptop,Electronics,North,1,425,48.81,2025,January,Q1,0.114847059
31-01-2025,Smartwatch,Electronics,North,4,3380,211.72,2025,January,Q1,0.062639053
1/2/2025,Printer,Office,East,7,8379,2009.05,2025,February,Q1,0.239772049
2/2/2025,Keyboard,Accessories,North,4,2040,393.72,2025,February,Q1,0.193
3/2/2025,Printer,Office,East,4,1336,116.65,2025,February,Q1,0.087312874
4/2/2025,Keyboard,Accessories,South,2,1934,157.41,2025,February,Q1,0.0813909
5/2/2025,Keyboard,Accessories,South,3,1560,391.11,2025,February,Q1,0.250711538
6/2/2025,Keyboard,Accessories,North,6,4446,1217.86,2025,February,Q1,0.273922627
7/2/2025,Printer,Office,West,3,1893,508.8,2025,February,Q1,0.268779715
8/2/2025,Camera,Electronics,East,4,4492,670.42,2025,February,Q1,0.149247551
9/2/2025,Mouse,Accessories,South,6,6228,1852.45,2025,February,Q1,0.297438985
10/2/2025,Camera,Electronics,East,7,4403,1295.89,2025,February,Q1,0.294319782
11/2/2025,Headphones,Accessories,South,9,4176,510.97,2025,February,Q1,0.122358716
12/2/2025,Keyboard,Accessories,West,2,486,64.43,2025,February,Q1,0.132572016
13-02-2025,Printer,Office,East,5,4880,1084.69,2025,February,Q1,0.222272541
14-02-2025,Printer,Office,West,5,265,53.21,2025,February,Q1,0.200792453
15-02-2025,Laptop,Electronics,East,1,1041,128.58,2025,February,Q1,0.12351585
16-02-2025,Smartphone,Electronics,East,8,9448,616.5,2025,February,Q1,0.065251905
17-02-2025,Headphones,Accessories,South,3,1617,440.46,2025,February,Q1,0.272393321
18-02-2025,Laptop,Electronics,West,2,1486,233.7,2025,February,Q1,0.157267833
19-02-2025,Smartwatch,Electronics,East,8,7152,1539.72,2025,February,Q1,0.215285235
20-02-2025,Mouse,Accessories,East,6,1404,368.36,2025,February,Q1,0.262364672
21-02-2025,Camera,Electronics,South,2,122,16.23,2025,February,Q1,0.133032787
22-02-2025,Camera,Electronics,North,9,7533,1285.72,2025,February,Q1,0.170678349
23-02-2025,Headphones,Accessories,South,4,3888,810.08,2025,February,Q1,0.208353909
24-02-2025,Smartphone,Electronics,South,5,870,48.87,2025,February,Q1,0.056172414
25-02-2025,Mouse,Accessories,South,2,1446,403.89,2025,February,Q1,0.279315353
26-02-2025,Tablet,Electronics,South,6,510,151.91,2025,February,Q1,0.297862745
27-02-2025,Keyboard,Accessories,West,8,6224,790.27,2025,February,Q1,0.126971401
28-02-2025,Keyboard,Accessories,North,2,686,85.03,2025,February,Q1,0.123950437
1/3/2025,Mouse,Accessories,West,4,2840,591.94,2025,March,Q1,0.208429577
2/3/2025,Laptop,Electronics,South,7,2562,347.62,2025,March,Q1,0.13568306
3/3/2025,Smartphone,Electronics,West,5,790,216.12,2025,March,Q1,0.27356962
4/3/2025,Laptop,Electronics,East,5,4170,786.42,2025,March,Q1,0.188589928
5/3/2025,Tablet,Electronics,East,4,1360,373.59,2025,March,Q1,0.274698529
6/3/2025,Camera,Electronics,East,6,5316,782.42,2025,March,Q1,0.147182092
7/3/2025,Laptop,Electronics,West,4,3956,293.38,2025,March,Q1,0.074160768
8/3/2025,Monitor,Accessories,North,3,726,94.38,2025,March,Q1,0.13
9/3/2025,Smartphone,Electronics,North,4,228,29.37,2025,March,Q1,0.128815789
10/3/2025,Headphones,Accessories,North,3,2274,442.57,2025,March,Q1,0.194621812
11/3/2025,Keyboard,Accessories,North,9,2628,459.87,2025,March,Q1,0.174988584
12/3/2025,Camera,Electronics,South,6,606,104.85,2025,March,Q1,0.173019802
13-03-2025,Headphones,Accessories,East,8,7256,558.79,2025,March,Q1,0.07701075
14-03-2025,Camera,Electronics,West,4,1956,125.69,2025,March,Q1,0.064258691
15-03-2025,Printer,Office,South,6,3954,690.1,2025,March,Q1,0.174532119
16-03-2025,Keyboard,Accessories,East,6,2262,442.86,2025,March,Q1,0.195782493
17-03-2025,Printer,Office,North,4,2804,391.59,2025,March,Q1,0.139654066
18-03-2025,Tablet,Electronics,South,9,5850,1511.06,2025,March,Q1,0.258300855
19-03-2025,Keyboard,Accessories,West,1,56,9.16,2025,March,Q1,0.163571429
20-03-2025,Monitor,Accessories,East,9,4302,344.64,2025,March,Q1,0.080111576
21-03-2025,Camera,Electronics,West,9,10143,1690.66,2025,March,Q1,0.166682441
22-03-2025,Headphones,Accessories,North,1,1012,164.89,2025,March,Q1,0.162934783
23-03-2025,Tablet,Electronics,East,9,8964,448.62,2025,March,Q1,0.050046854
24-03-2025,Mouse,Accessories,South,6,1758,262.36,2025,March,Q1,0.14923777
25-03-2025,Printer,Office,North,6,6348,557.72,2025,March,Q1,0.087857593
26-03-2025,Printer,Office,North,2,1582,422.46,2025,March,Q1,0.267041719
27-03-2025,Mouse,Accessories,South,2,1924,394.4,2025,March,Q1,0.204989605
28-03-2025,Keyboard,Accessories,North,1,120,23.86,2025,March,Q1,0.198833333
29-03-2025,Headphones,Accessories,East,8,7752,1943.84,2025,March,Q1,0.250753354
30-03-2025,Camera,Electronics,East,2,1114,300.44,2025,March,Q1,0.269694794
31-03-2025,Keyboard,Accessories,North,5,1765,229.06,2025,March,Q1,0.129779037
1/4/2025,Keyboard,Accessories,West,6,6834,1418.21,2025,April,Q2,0.207522681
2/4/2025,Smartphone,Electronics,East,5,1520,433.53,2025,April,Q2,0.285217105
3/4/2025,Smartwatch,Electronics,West,7,8141,767.6,2025,April,Q2,0.094288171
4/4/2025,Tablet,Electronics,South,8,5176,866.36,2025,April,Q2,0.167380216
5/4/2025,Mouse,Accessories,East,9,738,64.42,2025,April,Q2,0.087289973
6/4/2025,Printer,Office,South,9,4086,217.48,2025,April,Q2,0.053225649
7/4/2025,Mouse,Accessories,East,2,442,28.13,2025,April,Q2,0.063642534
8/4/2025,Smartphone,Electronics,East,6,2478,153.86,2025,April,Q2,0.062090395
9/4/2025,Keyboard,Accessories,South,2,1860,327.15,2025,April,Q2,0.175887097
10/4/2025,Monitor,Accessories,East,9,4968,991.82,2025,April,Q2,0.199641707
11/4/2025,Printer,Office,South,3,1446,278.94,2025,April,Q2,0.192904564
12/4/2025,Mouse,Accessories,East,7,1722,414.87,2025,April,Q2,0.240923345
13-04-2025,Smartwatch,Electronics,East,7,6573,460.28,2025,April,Q2,0.070025863
14-04-2025,Headphones,Accessories,East,3,2481,249.52,2025,April,Q2,0.10057235
15-04-2025,Monitor,Accessories,West,6,3828,1102.86,2025,April,Q2,0.288103448
16-04-2025,Tablet,Electronics,East,7,1197,103.34,2025,April,Q2,0.086332498
17-04-2025,Tablet,Electronics,West,7,7623,1459.84,2025,April,Q2,0.191504657
18-04-2025,Mouse,Accessories,North,9,3384,252.11,2025,April,Q2,0.074500591
19-04-2025,Monitor,Accessories,South,8,1296,273.97,2025,April,Q2,0.211396605
20-04-2025,Tablet,Electronics,West,8,2840,262.62,2025,April,Q2,0.092471831
21-04-2025,Camera,Electronics,East,7,1540,342.93,2025,April,Q2,0.222681818
22-04-2025,Camera,Electronics,West,2,1414,308.39,2025,April,Q2,0.218097595
23-04-2025,Camera,Electronics,West,8,8328,466.38,2025,April,Q2,0.056001441
24-04-2025,Camera,Electronics,North,2,744,217.21,2025,April,Q2,0.291948925
25-04-2025,Mouse,Accessories,South,9,1773,168.01,2025,April,Q2,0.094760293
26-04-2025,Smartphone,Electronics,East,7,6034,1018.37,2025,April,Q2,0.168771959
27-04-2025,Smartphone,Electronics,South,9,756,99.21,2025,April,Q2,0.131230159
28-04-2025,Monitor,Accessories,East,8,2256,468.52,2025,April,Q2,0.207677305
29-04-2025,Monitor,Accessories,North,7,875,203.63,2025,April,Q2,0.23272
30-04-2025,Headphones,Accessories,South,4,1208,115.13,2025,April,Q2,0.095306291
1/5/2025,Headphones,Accessories,South,2,352,54.19,2025,May,Q2,0.153948864
2/5/2025,Printer,Office,West,6,4266,357.51,2025,May,Q2,0.083804501
3/5/2025,Tablet,Electronics,North,7,1841,496.89,2025,May,Q2,0.269902227
4/5/2025,Camera,Electronics,East,1,712,89.5,2025,May,Q2,0.125702247
5/5/2025,Printer,Office,West,2,724,72.19,2025,May,Q2,0.099709945
6/5/2025,Smartphone,Electronics,West,8,5832,662.72,2025,May,Q2,0.113635117
7/5/2025,Keyboard,Accessories,South,6,4188,989.14,2025,May,Q2,0.236184336
8/5/2025,Tablet,Electronics,West,1,392,50.7,2025,May,Q2,0.129336735
9/5/2025,Laptop,Electronics,East,9,963,49.71,2025,May,Q2,0.051619938
10/5/2025,Camera,Electronics,West,6,5706,319.46,2025,May,Q2,0.055986681
11/5/2025,Headphones,Accessories,West,7,1365,312.04,2025,May,Q2,0.228600733
12/5/2025,Headphones,Accessories,South,1,202,11.24,2025,May,Q2,0.055643564
13-05-2025,Smartphone,Electronics,North,9,2430,613.67,2025,May,Q2,0.252539095
14-05-2025,Monitor,Accessories,South,3,2670,515.39,2025,May,Q2,0.193029963
15-05-2025,Tablet,Electronics,South,7,2758,520.66,2025,May,Q2,0.188781726
16-05-2025,Monitor,Accessories,South,9,873,82.35,2025,May,Q2,0.094329897
17-05-2025,Smartwatch,Electronics,West,9,7245,1410.92,2025,May,Q2,0.194743961
18-05-2025,Camera,Electronics,North,4,960,255.24,2025,May,Q2,0.265875
19-05-2025,Smartwatch,Electronics,East,4,1284,171.02,2025,May,Q2,0.133193146
20-05-2025,Mouse,Accessories,West,4,512,110.47,2025,May,Q2,0.215761719
21-05-2025,Smartwatch,Electronics,South,9,9729,2039.41,2025,May,Q2,0.209621749
22-05-2025,Camera,Electronics,North,5,1580,166.16,2025,May,Q2,0.105164557
23-05-2025,Mouse,Accessories,East,8,976,234.24,2025,May,Q2,0.24
24-05-2025,Printer,Office,North,8,1824,495.35,2025,May,Q2,0.271573465
25-05-2025,Smartphone,Electronics,South,4,3188,202.81,2025,May,Q2,0.063616688
26-05-2025,Camera,Electronics,East,7,5467,556.02,2025,May,Q2,0.101704774
27-05-2025,Smartphone,Electronics,South,6,5406,1277.46,2025,May,Q2,0.236304107
28-05-2025,Headphones,Accessories,East,8,2984,742.31,2025,May,Q2,0.248763405
29-05-2025,Printer,Office,North,1,919,193.35,2025,May,Q2,0.21039173
30-05-2025,Camera,Electronics,South,6,1686,426.72,2025,May,Q2,0.253096085
31-05-2025,Laptop,Electronics,West,7,4165,493.24,2025,May,Q2,0.11842497
1/6/2025,Smartphone,Electronics,West,7,1281,282.63,2025,June,Q2,0.220632319
2/6/2025,Smartwatch,Electronics,East,3,2829,362.16,2025,June,Q2,0.128016967
3/6/2025,Monitor,Accessories,West,3,2211,292.31,2025,June,Q2,0.132207146
4/6/2025,Headphones,Accessories,East,4,4740,607.81,2025,June,Q2,0.128229958
5/6/2025,Camera,Electronics,East,1,718,169.09,2025,June,Q2,0.235501393
6/6/2025,Headphones,Accessories,North,6,1716,108.81,2025,June,Q2,0.063409091
7/6/2025,Monitor,Accessories,South,7,1547,152.59,2025,June,Q2,0.09863607
8/6/2025,Mouse,Accessories,North,1,739,111.18,2025,June,Q2,0.150446549
9/6/2025,Laptop,Electronics,West,3,819,231.88,2025,June,Q2,0.283125763
10/6/2025,Laptop,Electronics,South,8,5696,1156.3,2025,June,Q2,0.203002107
11/6/2025,Monitor,Accessories,South,2,1706,184.71,2025,June,Q2,0.108270809
12/6/2025,Camera,Electronics,North,2,2066,608.23,2025,June,Q2,0.294399806
13-06-2025,Laptop,Electronics,North,2,256,35.66,2025,June,Q2,0.139296875
14-06-2025,Smartphone,Electronics,North,2,1102,182.54,2025,June,Q2,0.165644283
15-06-2025,Monitor,Accessories,North,8,2872,483.94,2025,June,Q2,0.168502786
16-06-2025,Tablet,Electronics,East,4,2584,394.52,2025,June,Q2,0.152678019
17-06-2025,Mouse,Accessories,North,2,1366,298.32,2025,June,Q2,0.218389458
18-06-2025,Smartwatch,Electronics,South,7,1253,354.23,2025,June,Q2,0.282705507
19-06-2025,Laptop,Electronics,West,7,2618,300.81,2025,June,Q2,0.114900688
20-06-2025,Headphones,Accessories,East,9,6822,1811.37,2025,June,Q2,0.265518909
21-06-2025,Keyboard,Accessories,East,6,5286,636.16,2025,June,Q2,0.120348089
22-06-2025,Monitor,Accessories,North,1,579,133.57,2025,June,Q2,0.230690846
23-06-2025,Laptop,Electronics,West,8,1392,190.99,2025,June,Q2,0.13720546
24-06-2025,Laptop,Electronics,West,9,2493,696.69,2025,June,Q2,0.279458484
25-06-2025,Smartphone,Electronics,North,7,6461,766.45,2025,June,Q2,0.118627148
26-06-2025,Tablet,Electronics,East,2,1486,201.07,2025,June,Q2,0.135309556
27-06-2025,Printer,Office,South,1,1152,280.28,2025,June,Q2,0.243298611
28-06-2025,Smartwatch,Electronics,West,2,1750,103.99,2025,June,Q2,0.059422857
29-06-2025,Smartphone,Electronics,West,7,4417,495.37,2025,June,Q2,0.112150781
30-06-2025,Laptop,Electronics,South,4,3724,276.85,2025,June,Q2,0.074342105
1/7/2025,Camera,Electronics,West,3,2220,121.14,2025,July,Q3,0.054567568
2/7/2025,Monitor,Accessories,West,8,9104,2620.58,2025,July,Q3,0.287849297
3/7/2025,Printer,Office,West,3,3093,584.23,2025,July,Q3,0.188887811
4/7/2025,Headphones,Accessories,South,6,3048,842.24,2025,July,Q3,0.276325459
5/7/2025,Smartphone,Electronics,North,1,161,36.58,2025,July,Q3,0.227204969
6/7/2025,Monitor,Accessories,West,7,7238,1889.69,2025,July,Q3,0.261079027
7/7/2025,Smartphone,Electronics,North,3,3561,347.31,2025,July,Q3,0.097531592
8/7/2025,Monitor,Accessories,North,5,1850,534.39,2025,July,Q3,0.288859459
9/7/2025,Mouse,Accessories,West,6,3522,626.72,2025,July,Q3,0.17794435
10/7/2025,Smartwatch,Electronics,East,1,584,172.4,2025,July,Q3,0.295205479
11/7/2025,Smartphone,Electronics,East,4,2556,412.44,2025,July,Q3,0.161361502
12/7/2025,Smartphone,Electronics,South,2,348,56.31,2025,July,Q3,0.161810345
13-07-2025,Monitor,Accessories,South,9,1602,142.49,2025,July,Q3,0.088945069
14-07-2025,Monitor,Accessories,South,3,2853,437.59,2025,July,Q3,0.153378899
15-07-2025,Printer,Office,West,1,1024,230.3,2025,July,Q3,0.224902344
16-07-2025,Camera,Electronics,East,5,4485,1324.49,2025,July,Q3,0.295315496
17-07-2025,Printer,Office,East,2,436,79.69,2025,July,Q3,0.182775229
18-07-2025,Smartwatch,Electronics,North,2,2232,150.12,2025,July,Q3,0.067258065
19-07-2025,Keyboard,Accessories,South,6,7056,1445.01,2025,July,Q3,0.204791667
20-07-2025,Keyboard,Accessories,East,5,875,96.65,2025,July,Q3,0.110457143
21-07-2025,Smartwatch,Electronics,East,3,315,61.94,2025,July,Q3,0.196634921
22-07-2025,Laptop,Electronics,East,2,358,51.75,2025,July,Q3,0.144553073
23-07-2025,Camera,Electronics,South,7,3451,194.42,2025,July,Q3,0.056337294
24-07-2025,Laptop,Electronics,North,9,1350,189.13,2025,July,Q3,0.140096296
25-07-2025,Tablet,Electronics,West,8,3320,413.32,2025,July,Q3,0.124493976
26-07-2025,Mouse,Accessories,North,9,8442,940.33,2025,July,Q3,0.111387112
27-07-2025,Keyboard,Accessories,South,1,166,31.97,2025,July,Q3,0.192590361
28-07-2025,Mouse,Accessories,North,5,3720,448.6,2025,July,Q3,0.120591398
29-07-2025,Laptop,Electronics,South,2,1090,136.65,2025,July,Q3,0.125366972
30-07-2025,Laptop,Electronics,West,9,9783,2347.49,2025,July,Q3,0.239956046
31-07-2025,Smartphone,Electronics,North,4,2432,657.18,2025,July,Q3,0.270222039
1/8/2025,Mouse,Accessories,North,7,4060,291.42,2025,August,Q3,0.071778325
2/8/2025,Smartwatch,Electronics,North,1,387,99.59,2025,August,Q3,0.257338501
3/8/2025,Smartwatch,Electronics,North,3,966,120.56,2025,August,Q3,0.124803313
4/8/2025,Tablet,Electronics,North,3,3366,882.29,2025,August,Q3,0.262118241
5/8/2025,Monitor,Accessories,West,7,7833,1843.94,2025,August,Q3,0.235406613
6/8/2025,Monitor,Accessories,West,1,610,33.55,2025,August,Q3,0.055
7/8/2025,Smartwatch,Electronics,West,8,4288,597.09,2025,August,Q3,0.139246735
8/8/2025,Printer,Office,North,9,7740,605.35,2025,August,Q3,0.078210594
9/8/2025,Smartwatch,Electronics,West,9,3150,457.13,2025,August,Q3,0.145120635
10/8/2025,Keyboard,Accessories,West,2,894,224.75,2025,August,Q3,0.25139821
11/8/2025,Laptop,Electronics,North,8,7544,1219.73,2025,August,Q3,0.161682131
12/8/2025,Keyboard,Accessories,North,8,6360,1871.88,2025,August,Q3,0.294320755
13-08-2025,Smartphone,Electronics,West,4,2428,485.75,2025,August,Q3,0.200061779
14-08-2025,Headphones,Accessories,South,2,574,38.52,2025,August,Q3,0.067108014
15-08-2025,Keyboard,Accessories,West,6,6744,660.47,2025,August,Q3,0.09793446
16-08-2025,Headphones,Accessories,North,6,798,213.4,2025,August,Q3,0.267418546
17-08-2025,Printer,Office,North,5,2860,339,2025,August,Q3,0.118531469
18-08-2025,Printer,Office,South,5,5410,1129.77,2025,August,Q3,0.208829945
19-08-2025,Laptop,Electronics,West,5,4445,580.15,2025,August,Q3,0.130517435
20-08-2025,Smartwatch,Electronics,South,8,7536,1197.09,2025,August,Q3,0.158849522
21-08-2025,Monitor,Accessories,North,7,4165,263.26,2025,August,Q3,0.063207683
22-08-2025,Laptop,Electronics,East,3,3021,763.99,2025,August,Q3,0.252893082
23-08-2025,Keyboard,Accessories,North,2,310,70.66,2025,August,Q3,0.227935484
24-08-2025,Headphones,Accessories,South,2,2170,522,2025,August,Q3,0.240552995
25-08-2025,Tablet,Electronics,West,3,2832,317.76,2025,August,Q3,0.11220339
26-08-2025,Smartwatch,Electronics,West,5,3945,392.09,2025,August,Q3,0.0993891
27-08-2025,Tablet,Electronics,South,4,2104,308,2025,August,Q3,0.146387833
28-08-2025,Monitor,Accessories,South,2,2060,517.64,2025,August,Q3,0.251281553
29-08-2025,Printer,Office,North,4,1060,155.78,2025,August,Q3,0.146962264
30-08-2025,Smartwatch,Electronics,South,6,810,108.61,2025,August,Q3,0.13408642
31-08-2025,Laptop,Electronics,West,3,873,57.42,2025,August,Q3,0.065773196
1/9/2025,Tablet,Electronics,West,5,595,121.11,2025,September,Q3,0.203546218
2/9/2025,Laptop,Electronics,West,2,1562,119.56,2025,September,Q3,0.076542894
3/9/2025,Smartwatch,Electronics,East,9,5337,1575.99,2025,September,Q3,0.29529511
4/9/2025,Printer,Office,North,2,212,13.4,2025,September,Q3,0.063207547
5/9/2025,Printer,Office,East,8,2704,705.74,2025,September,Q3,0.260998521
6/9/2025,Laptop,Electronics,North,5,3225,523.32,2025,September,Q3,0.162269767
7/9/2025,Monitor,Accessories,North,2,1342,184.59,2025,September,Q3,0.137548435
8/9/2025,Mouse,Accessories,South,7,3395,1012.78,2025,September,Q3,0.298315169
9/9/2025,Smartwatch,Electronics,East,4,3968,480.72,2025,September,Q3,0.121149194
10/9/2025,Smartphone,Electronics,West,5,4555,776.65,2025,September,Q3,0.17050494
11/9/2025,Tablet,Electronics,West,2,2132,365.44,2025,September,Q3,0.171407129
12/9/2025,Mouse,Accessories,West,6,6516,842.83,2025,September,Q3,0.129347759
13-09-2025,Smartwatch,Electronics,North,2,2040,481.15,2025,September,Q3,0.235857843
14-09-2025,Mouse,Accessories,East,6,6126,428.38,2025,September,Q3,0.069928175
15-09-2025,Smartwatch,Electronics,West,8,520,30.58,2025,September,Q3,0.058807692
16-09-2025,Camera,Electronics,South,5,4470,526.96,2025,September,Q3,0.117888143
17-09-2025,Smartwatch,Electronics,West,8,5504,1196.78,2025,September,Q3,0.217438227
18-09-2025,Headphones,Accessories,West,4,3036,511.69,2025,September,Q3,0.168540843
19-09-2025,Smartwatch,Electronics,East,5,2725,308.29,2025,September,Q3,0.113133945
20-09-2025,Printer,Office,North,8,4080,336.96,2025,September,Q3,0.082588235
21-09-2025,Keyboard,Accessories,North,8,3080,776.6,2025,September,Q3,0.252142857
22-09-2025,Smartwatch,Electronics,North,5,1525,413.75,2025,September,Q3,0.271311475
23-09-2025,Monitor,Accessories,South,4,1332,342.85,2025,September,Q3,0.257394895
24-09-2025,Smartphone,Electronics,South,7,4669,803.21,2025,September,Q3,0.172030413
25-09-2025,Smartwatch,Electronics,West,6,5310,1099.84,2025,September,Q3,0.207126177
26-09-2025,Camera,Electronics,East,8,9392,2651.84,2025,September,Q3,0.282350937
27-09-2025,Monitor,Accessories,South,5,1350,198.19,2025,September,Q3,0.146807407
28-09-2025,Monitor,Accessories,North,4,3648,768.61,2025,September,Q3,0.210693531
29-09-2025,Printer,Office,North,2,300,47.59,2025,September,Q3,0.158633333
30-09-2025,Smartphone,Electronics,North,3,3408,727.26,2025,September,Q3,0.213397887
1/10/2025,Keyboard,Accessories,South,9,4302,475.96,2025,October,Q4,0.110636913
2/10/2025,Keyboard,Accessories,South,5,4575,771.24,2025,October,Q4,0.168577049
3/10/2025,Laptop,Electronics,East,8,9304,1855.7,2025,October,Q4,0.199451849
4/10/2025,Monitor,Accessories,East,4,1928,232.48,2025,October,Q4,0.120580913
5/10/2025,Printer,Office,East,2,1042,86.24,2025,October,Q4,0.082763916
6/10/2025,Tablet,Electronics,East,3,2214,507.7,2025,October,Q4,0.22931346
7/10/2025,Keyboard,Accessories,South,4,3024,678.26,2025,October,Q4,0.224292328
8/10/2025,Camera,Electronics,East,2,1104,173.01,2025,October,Q4,0.156711957
9/10/2025,Mouse,Accessories,East,8,6056,1631.71,2025,October,Q4,0.269436922
10/10/2025,Mouse,Accessories,South,5,5295,1375.98,2025,October,Q4,0.259864023
11/10/2025,Smartphone,Electronics,North,4,3668,839.4,2025,October,Q4,0.228844057
12/10/2025,Printer,Office,South,9,4293,295.47,2025,October,Q4,0.068825996
13-10-2025,Mouse,Accessories,North,7,5789,950.45,2025,October,Q4,0.164182069
14-10-2025,Smartwatch,Electronics,North,6,4440,800.92,2025,October,Q4,0.180387387
15-10-2025,Printer,Office,South,5,5515,330.02,2025,October,Q4,0.059840435
16-10-2025,Camera,Electronics,North,4,784,192.77,2025,October,Q4,0.245880102
17-10-2025,Laptop,Electronics,East,4,576,156.59,2025,October,Q4,0.271857639
18-10-2025,Smartwatch,Electronics,West,5,705,198.62,2025,October,Q4,0.281730496
19-10-2025,Keyboard,Accessories,North,6,4458,1215.3,2025,October,Q4,0.272611036
20-10-2025,Smartphone,Electronics,East,6,6780,811.92,2025,October,Q4,0.119752212
21-10-2025,Smartwatch,Electronics,North,5,3970,642.7,2025,October,Q4,0.161889169
22-10-2025,Monitor,Accessories,North,7,5131,368.11,2025,October,Q4,0.07174235
23-10-2025,Laptop,Electronics,East,7,1750,90.21,2025,October,Q4,0.051548571
24-10-2025,Tablet,Electronics,East,7,8337,753.35,2025,October,Q4,0.090362241
25-10-2025,Keyboard,Accessories,East,9,9810,549.46,2025,October,Q4,0.056010194
26-10-2025,Keyboard,Accessories,East,3,2658,794.36,2025,October,Q4,0.298856283
27-10-2025,Printer,Office,West,1,473,43.65,2025,October,Q4,0.092283298
28-10-2025,Tablet,Electronics,North,9,2205,410.01,2025,October,Q4,0.185945578
29-10-2025,Smartphone,Electronics,South,9,6948,1409.3,2025,October,Q4,0.202835348
30-10-2025,Tablet,Electronics,North,3,774,212.02,2025,October,Q4,0.273927649
31-10-2025,Tablet,Electronics,North,3,2532,343.13,2025,October,Q4,0.135517378
1/11/2025,Laptop,Electronics,West,7,6587,1173.91,2025,November,Q4,0.178216183
2/11/2025,Smartphone,Electronics,East,7,7266,806.79,2025,November,Q4,0.111036334
3/11/2025,Smartphone,Electronics,East,7,6867,502.06,2025,November,Q4,0.073111985
4/11/2025,Camera,Electronics,South,9,4887,396.36,2025,November,Q4,0.081104972
5/11/2025,Mouse,Accessories,West,4,864,251.99,2025,November,Q4,0.291655093
6/11/2025,Smartphone,Electronics,East,6,5190,1215.07,2025,November,Q4,0.234117534
7/11/2025,Keyboard,Accessories,South,8,2128,294.45,2025,November,Q4,0.138369361
8/11/2025,Mouse,Accessories,East,2,1718,218.82,2025,November,Q4,0.127369034
9/11/2025,Smartphone,Electronics,North,2,1270,229.39,2025,November,Q4,0.180622047
10/11/2025,Keyboard,Accessories,East,7,2569,130.19,2025,November,Q4,0.050677306
11/11/2025,Printer,Office,South,2,1518,262.65,2025,November,Q4,0.173023715
12/11/2025,Headphones,Accessories,South,2,1210,268.37,2025,November,Q4,0.221793388
13-11-2025,Mouse,Accessories,East,2,1128,94.13,2025,November,Q4,0.083448582
14-11-2025,Headphones,Accessories,North,1,1077,77.97,2025,November,Q4,0.072395543
15-11-2025,Keyboard,Accessories,East,6,2244,517.47,2025,November,Q4,0.230601604
16-11-2025,Mouse,Accessories,West,8,1608,464.18,2025,November,Q4,0.288669154
17-11-2025,Camera,Electronics,West,5,3685,476.2,2025,November,Q4,0.129226594
18-11-2025,Camera,Electronics,North,8,4080,1079.49,2025,November,Q4,0.264580882
19-11-2025,Monitor,Accessories,North,1,404,84.4,2025,November,Q4,0.208910891
20-11-2025,Keyboard,Accessories,South,2,1738,163.38,2025,November,Q4,0.094004603
21-11-2025,Printer,Office,West,3,828,210.33,2025,November,Q4,0.254021739
22-11-2025,Mouse,Accessories,North,4,4344,461.72,2025,November,Q4,0.106289134
23-11-2025,Tablet,Electronics,North,1,1130,268.88,2025,November,Q4,0.237946903
24-11-2025,Headphones,Accessories,North,3,1698,304.91,2025,November,Q4,0.179570082
25-11-2025,Tablet,Electronics,East,4,844,136.02,2025,November,Q4,0.161161137
26-11-2025,Printer,Office,West,2,2286,218.18,2025,November,Q4,0.09544182
27-11-2025,Camera,Electronics,East,2,1026,170.31,2025,November,Q4,0.165994152
28-11-2025,Laptop,Electronics,West,6,6984,1433.65,2025,November,Q4,0.205276346
29-11-2025,Monitor,Accessories,West,4,1672,432.35,2025,November,Q4,0.258582536
30-11-2025,Laptop,Electronics,North,6,1092,63.98,2025,November,Q4,0.058589744
1/12/2025,Headphones,Accessories,South,2,272,24.71,2025,December,Q4,0.090845588
2/12/2025,Headphones,Accessories,West,2,1126,204.99,2025,December,Q4,0.18205151
3/12/2025,Mouse,Accessories,West,7,8155,2177.38,2025,December,Q4,0.266999387
4/12/2025,Smartwatch,Electronics,East,7,4298,358.38,2025,December,Q4,0.083382969
5/12/2025,Smartphone,Electronics,East,5,1365,310.66,2025,December,Q4,0.227589744
6/12/2025,Camera,Electronics,West,6,4116,381.35,2025,December,Q4,0.092650632
7/12/2025,Headphones,Accessories,South,8,904,181.45,2025,December,Q4,0.200719027
8/12/2025,Smartwatch,Electronics,South,1,70,10.64,2025,December,Q4,0.152
9/12/2025,Keyboard,Accessories,East,2,344,72.87,2025,December,Q4,0.211831395
10/12/2025,Printer,Office,East,1,330,78.52,2025,December,Q4,0.237939394
11/12/2025,Headphones,Accessories,South,2,518,34.22,2025,December,Q4,0.066061776
12/12/2025,Mouse,Accessories,North,9,2763,458.4,2025,December,Q4,0.165906623
13-12-2025,Smartwatch,Electronics,North,2,2298,343.53,2025,December,Q4,0.149490862
14-12-2025,Monitor,Accessories,South,1,436,73.89,2025,December,Q4,0.169472477
15-12-2025,Mouse,Accessories,East,6,1824,213.47,2025,December,Q4,0.117033991
16-12-2025,Laptop,Electronics,North,5,1540,411.83,2025,December,Q4,0.267422078
17-12-2025,Tablet,Electronics,East,7,5572,385.82,2025,December,Q4,0.069242642
18-12-2025,Monitor,Accessories,East,6,3030,335.71,2025,December,Q4,0.11079538
19-12-2025,Monitor,Accessories,West,5,1245,345.84,2025,December,Q4,0.277783133
20-12-2025,Tablet,Electronics,South,4,1252,326.69,2025,December,Q4,0.260934505
21-12-2025,Camera,Electronics,North,9,4959,479.28,2025,December,Q4,0.096648518
22-12-2025,Monitor,Accessories,West,7,8162,443.81,2025,December,Q4,0.054375153
23-12-2025,Monitor,Accessories,East,5,1370,253.92,2025,December,Q4,0.185343066
24-12-2025,Tablet,Electronics,North,3,3111,607.23,2025,December,Q4,0.195188042
25-12-2025,Mouse,Accessories,South,7,7805,1078.03,2025,December,Q4,0.138120436
26-12-2025,Smartphone,Electronics,South,9,10314,2729.6,2025,December,Q4,0.26464999
27-12-2025,Keyboard,Accessories,South,9,10782,2730.14,2025,December,Q4,0.253212762
28-12-2025,Monitor,Accessories,West,5,4375,987.96,2025,December,Q4,0.225819429
29-12-2025,Monitor,Accessories,North,5,2265,595.05,2025,December,Q4,0.262715232
30-12-2025,Laptop,Electronics,East,1,166,9.69,2025,December,Q4,0.058373494
31-12-2025,Headphones,Accessories,North,7,7217,1481.7,2025,December,Q4,0.205306914
1/1/2026,Tablet,Electronics,East,3,1767,186.54,2026,January,Q1,0.105568761
2/1/2026,Laptop,Electronics,East,3,2883,557.81,2026,January,Q1,0.193482484
3/1/2026,Smartwatch,Electronics,South,3,1338,396.08,2026,January,Q1,0.296023916
4/1/2026,Printer,Office,East,9,9459,604.06,2026,January,Q1,0.063860873
5/1/2026,Printer,Office,North,3,168,45.31,2026,January,Q1,0.269702381
6/1/2026,Smartphone,Electronics,South,9,4536,479.78,2026,January,Q1,0.105771605
7/1/2026,Mouse,Accessories,East,4,4404,793.7,2026,January,Q1,0.180222525
8/1/2026,Monitor,Accessories,North,4,1952,148.67,2026,January,Q1,0.07616291
9/1/2026,Mouse,Accessories,North,3,2004,467.76,2026,January,Q1,0.233413174
10/1/2026,Keyboard,Accessories,South,4,468,131.48,2026,January,Q1,0.280940171
11/1/2026,Smartphone,Electronics,West,9,8667,1597.49,2026,January,Q1,0.18431868
12/1/2026,Printer,Office,West,7,6097,567.32,2026,January,Q1,0.093049041
13-01-2026,Headphones,Accessories,South,9,4752,1415.65,2026,January,Q1,0.297906145
14-01-2026,Keyboard,Accessories,East,1,1172,124.9,2026,January,Q1,0.106569966
15-01-2026,Keyboard,Accessories,North,2,1608,170.29,2026,January,Q1,0.105901741
16-01-2026,Printer,Office,South,7,7595,969.07,2026,January,Q1,0.127593153
17-01-2026,Smartwatch,Electronics,West,1,1142,306.84,2026,January,Q1,0.268686515
18-01-2026,Keyboard,Accessories,North,2,116,13.67,2026,January,Q1,0.117844828
19-01-2026,Smartphone,Electronics,East,9,3951,908.13,2026,January,Q1,0.22984814
20-01-2026,Keyboard,Accessories,East,2,1606,138.96,2026,January,Q1,0.086525529
21-01-2026,Headphones,Accessories,South,3,2025,403,2026,January,Q1,0.199012346
22-01-2026,Smartwatch,Electronics,West,2,2006,235.52,2026,January,Q1,0.117407777
23-01-2026,Camera,Electronics,South,9,9423,652.06,2026,January,Q1,0.069198769
24-01-2026,Laptop,Electronics,North,4,2276,399.94,2026,January,Q1,0.175720562
25-01-2026,Monitor,Accessories,West,5,4880,664.06,2026,January,Q1,0.136077869
26-01-2026,Laptop,Electronics,East,3,1773,183.15,2026,January,Q1,0.103299492
27-01-2026,Smartwatch,Electronics,South,9,2718,195.97,2026,January,Q1,0.072100809
28-01-2026,Headphones,Accessories,East,4,3168,939.45,2026,January,Q1,0.296543561
29-01-2026,Camera,Electronics,West,2,1716,368.06,2026,January,Q1,0.214487179
30-01-2026,Smartphone,Electronics,West,2,214,14.08,2026,January,Q1,0.065794393
31-01-2026,Camera,Electronics,East,2,2092,366.12,2026,January,Q1,0.17500956
1/2/2026,Headphones,Accessories,West,3,225,46.96,2026,February,Q1,0.208711111
2/2/2026,Smartwatch,Electronics,East,1,859,217.67,2026,February,Q1,0.253399302
3/2/2026,Printer,Office,West,2,2070,183.41,2026,February,Q1,0.088603865
4/2/2026,Keyboard,Accessories,South,6,3240,758.19,2026,February,Q1,0.234009259
5/2/2026,Tablet,Electronics,East,2,1748,506.52,2026,February,Q1,0.289771167
6/2/2026,Mouse,Accessories,West,8,2080,108.48,2026,February,Q1,0.052153846
7/2/2026,Smartwatch,Electronics,North,3,2193,521.14,2026,February,Q1,0.237637939
8/2/2026,Headphones,Accessories,West,5,2080,614.77,2026,February,Q1,0.2955625
9/2/2026,Mouse,Accessories,South,5,5070,986.39,2026,February,Q1,0.194554241
10/2/2026,Laptop,Electronics,South,7,469,47.4,2026,February,Q1,0.101066098
11/2/2026,Printer,Office,South,1,802,153.55,2026,February,Q1,0.191458853
12/2/2026,Smartphone,Electronics,West,6,930,213.6,2026,February,Q1,0.229677419
13-02-2026,Smartwatch,Electronics,South,1,495,55.17,2026,February,Q1,0.111454545
14-02-2026,Monitor,Accessories,East,6,4938,847.89,2026,February,Q1,0.171707169
15-02-2026,Tablet,Electronics,South,2,1300,267.46,2026,February,Q1,0.205738462
16-02-2026,Mouse,Accessories,South,7,2100,131.67,2026,February,Q1,0.0627
17-02-2026,Camera,Electronics,South,2,2248,636.52,2026,February,Q1,0.283149466
18-02-2026,Headphones,Accessories,North,8,7096,991.23,2026,February,Q1,0.139688557
19-02-2026,Headphones,Accessories,East,3,1992,252.21,2026,February,Q1,0.126611446
20-02-2026,Camera,Electronics,South,4,4056,1189.26,2026,February,Q1,0.293210059
21-02-2026,Camera,Electronics,East,2,1986,208.88,2026,February,Q1,0.105176234
22-02-2026,Printer,Office,East,3,1635,196.73,2026,February,Q1,0.120324159
23-02-2026,Smartwatch,Electronics,East,9,3132,443.27,2026,February,Q1,0.141529374
24-02-2026,Smartphone,Electronics,South,8,7064,1554.52,2026,February,Q1,0.220062288
25-02-2026,Camera,Electronics,East,1,907,249.2,2026,February,Q1,0.274751929
26-02-2026,Mouse,Accessories,South,9,7938,1191.41,2026,February,Q1,0.150089443
27-02-2026,Printer,Office,South,4,4360,1207.46,2026,February,Q1,0.276940367
28-02-2026,Keyboard,Accessories,West,3,375,95.04,2026,February,Q1,0.25344
1/3/2026,Monitor,Accessories,North,7,826,101.01,2026,March,Q1,0.122288136
2/3/2026,Headphones,Accessories,East,1,1011,186.42,2026,March,Q1,0.184391691
3/3/2026,Mouse,Accessories,East,3,807,148.58,2026,March,Q1,0.184114002
4/3/2026,Headphones,Accessories,North,2,1840,367.7,2026,March,Q1,0.199836957
5/3/2026,Keyboard,Accessories,West,5,4550,1039.34,2026,March,Q1,0.228426374
6/3/2026,Smartphone,Electronics,North,9,8793,901.7,2026,March,Q1,0.102547481
7/3/2026,Headphones,Accessories,North,5,310,32.01,2026,March,Q1,0.103258065
8/3/2026,Headphones,Accessories,East,3,1143,275.04,2026,March,Q1,0.240629921
9/3/2026,Monitor,Accessories,West,3,2610,740.21,2026,March,Q1,0.283605364
10/3/2026,Tablet,Electronics,West,6,1494,269.25,2026,March,Q1,0.180220884
11/3/2026,Smartphone,Electronics,North,4,1524,189.32,2026,March,Q1,0.124225722
12/3/2026,Tablet,Electronics,North,9,9441,2171.42,2026,March,Q1,0.229998941
13-03-2026,Smartphone,Electronics,South,4,3520,417.26,2026,March,Q1,0.118539773
14-03-2026,Tablet,Electronics,West,2,390,103.99,2026,March,Q1,0.266641026
15-03-2026,Printer,Office,South,3,3219,255.09,2026,March,Q1,0.079245107
16-03-2026,Laptop,Electronics,North,1,450,75.89,2026,March,Q1,0.168644444
17-03-2026,Smartwatch,Electronics,South,4,828,216.98,2026,March,Q1,0.26205314
18-03-2026,Printer,Office,East,1,1146,152.79,2026,March,Q1,0.133324607
19-03-2026,Monitor,Accessories,West,3,1986,361.33,2026,March,Q1,0.18193857
20-03-2026,Smartwatch,Electronics,North,8,7264,1776.83,2026,March,Q1,0.244607654
21-03-2026,Laptop,Electronics,East,7,7469,915.63,2026,March,Q1,0.122590708
22-03-2026,Laptop,Electronics,South,5,1385,165.55,2026,March,Q1,0.119530686
23-03-2026,Tablet,Electronics,North,4,4556,315.07,2026,March,Q1,0.06915496
24-03-2026,Monitor,Accessories,North,3,456,61.42,2026,March,Q1,0.134692982
25-03-2026,Monitor,Accessories,North,2,1984,125.13,2026,March,Q1,0.063069556
26-03-2026,Smartwatch,Electronics,North,6,5178,1321.58,2026,March,Q1,0.255229818
27-03-2026,Smartwatch,Electronics,West,1,281,30.51,2026,March,Q1,0.108576512
28-03-2026,Monitor,Accessories,South,9,3033,177.92,2026,March,Q1,0.058661391
29-03-2026,Camera,Electronics,East,3,1107,65.88,2026,March,Q1,0.059512195
30-03-2026,Mouse,Accessories,South,3,1446,356.7,2026,March,Q1,0.246680498
31-03-2026,Printer,Office,North,3,1335,263.04,2026,March,Q1,0.197033708
1/4/2026,Mouse,Accessories,South,2,266,20.11,2026,April,Q2,0.075601504
2/4/2026,Smartphone,Electronics,West,6,648,162.3,2026,April,Q2,0.250462963
3/4/2026,Tablet,Electronics,South,2,344,80.87,2026,April,Q2,0.235087209
4/4/2026,Smartphone,Electronics,West,6,5724,1640.19,2026,April,Q2,0.286546122
5/4/2026,Headphones,Accessories,East,5,4920,323.38,2026,April,Q2,0.065727642
6/4/2026,Camera,Electronics,West,5,5440,457.04,2026,April,Q2,0.084014706
7/4/2026,Smartphone,Electronics,West,7,7994,908.65,2026,April,Q2,0.1136665
8/4/2026,Camera,Electronics,South,9,3780,724.36,2026,April,Q2,0.19162963
9/4/2026,Smartphone,Electronics,North,1,1017,209.97,2026,April,Q2,0.206460177
10/4/2026,Smartphone,Electronics,West,6,1578,82.85,2026,April,Q2,0.052503169
11/4/2026,Smartphone,Electronics,South,2,912,161.37,2026,April,Q2,0.176940789
12/4/2026,Laptop,Electronics,West,6,2520,182.59,2026,April,Q2,0.072456349
13-04-2026,Mouse,Accessories,East,8,2632,262.55,2026,April,Q2,0.09975304
14-04-2026,Monitor,Accessories,West,6,6582,729.68,2026,April,Q2,0.110859921
15-04-2026,Camera,Electronics,East,8,3432,172.69,2026,April,Q2,0.050317599
16-04-2026,Keyboard,Accessories,South,2,1030,254.65,2026,April,Q2,0.24723301
17-04-2026,Mouse,Accessories,West,8,1192,289.91,2026,April,Q2,0.243213087
18-04-2026,Printer,Office,West,9,7083,994.47,2026,April,Q2,0.140402372
19-04-2026,Printer,Office,South,7,3675,227.14,2026,April,Q2,0.061806803
20-04-2026,Monitor,Accessories,North,4,4740,833.27,2026,April,Q2,0.175795359
21-04-2026,Headphones,Accessories,East,4,1716,364.96,2026,April,Q2,0.212680653
22-04-2026,Printer,Office,South,7,3528,260.06,2026,April,Q2,0.073713152
23-04-2026,Camera,Electronics,South,3,777,71.72,2026,April,Q2,0.092303732
24-04-2026,Camera,Electronics,East,4,3368,558.93,2026,April,Q2,0.165953088
25-04-2026,Tablet,Electronics,North,4,4240,251.46,2026,April,Q2,0.059306604
26-04-2026,Laptop,Electronics,South,3,3285,292.87,2026,April,Q2,0.089153729
27-04-2026,Smartphone,Electronics,South,6,4872,612.73,2026,April,Q2,0.125765599
28-04-2026,Smartphone,Electronics,East,9,2466,638.41,2026,April,Q2,0.258884834
29-04-2026,Tablet,Electronics,West,5,2465,497.19,2026,April,Q2,0.201699797
30-04-2026,Tablet,Electronics,North,3,612,40.15,2026,April,Q2,0.065604575
1/5/2026,Tablet,Electronics,South,5,4170,658.98,2026,May,Q2,0.158028777
2/5/2026,Camera,Electronics,South,8,1088,160.33,2026,May,Q2,0.147362132
3/5/2026,Keyboard,Accessories,West,2,1626,354.49,2026,May,Q2,0.21801353
4/5/2026,Smartphone,Electronics,North,6,6486,359.49,2026,May,Q2,0.055425532
5/5/2026,Monitor,Accessories,West,8,6968,1226.22,2026,May,Q2,0.17597876
6/5/2026,Smartphone,Electronics,North,1,357,82.86,2026,May,Q2,0.23210084
7/5/2026,Laptop,Electronics,South,1,454,58.4,2026,May,Q2,0.128634361
8/5/2026,Tablet,Electronics,East,3,3582,501.47,2026,May,Q2,0.139997208
9/5/2026,Tablet,Electronics,West,9,3762,484.75,2026,May,Q2,0.128854333
10/5/2026,Smartwatch,Electronics,South,9,6642,394.48,2026,May,Q2,0.059391749
11/5/2026,Monitor,Accessories,West,4,408,45.2,2026,May,Q2,0.110784314
12/5/2026,Tablet,Electronics,West,1,105,25.26,2026,May,Q2,0.240571429
13-05-2026,Tablet,Electronics,West,3,2682,584.69,2026,May,Q2,0.21800522
14-05-2026,Keyboard,Accessories,East,7,497,76.31,2026,May,Q2,0.153541247
15-05-2026,Printer,Office,South,7,4823,420.58,2026,May,Q2,0.087202986
16-05-2026,Smartwatch,Electronics,North,8,4048,666.1,2026,May,Q2,0.164550395
17-05-2026,Printer,Office,South,7,2758,459.02,2026,May,Q2,0.166432197
18-05-2026,Smartphone,Electronics,North,8,4096,266.35,2026,May,Q2,0.065026855
19-05-2026,Printer,Office,North,8,7264,1318,2026,May,Q2,0.181442731
20-05-2026,Mouse,Accessories,East,6,4302,957.38,2026,May,Q2,0.222543003
21-05-2026,Printer,Office,North,7,3297,583.86,2026,May,Q2,0.177088262
22-05-2026,Printer,Office,North,5,5960,1139.78,2026,May,Q2,0.191238255
23-05-2026,Keyboard,Accessories,West,1,386,114.9,2026,May,Q2,0.297668394
24-05-2026,Printer,Office,West,1,684,170.36,2026,May,Q2,0.249064327
25-05-2026,Laptop,Electronics,South,3,1275,168.64,2026,May,Q2,0.132266667
26-05-2026,Mouse,Accessories,North,9,5949,368.51,2026,May,Q2,0.061944865
27-05-2026,Camera,Electronics,East,7,5159,755.22,2026,May,Q2,0.146388835
28-05-2026,Monitor,Accessories,North,4,1100,127.13,2026,May,Q2,0.115572727
29-05-2026,Mouse,Accessories,South,2,290,50.23,2026,May,Q2,0.173206897
30-05-2026,Smartwatch,Electronics,East,8,7144,492.1,2026,May,Q2,0.068882979
31-05-2026,Keyboard,Accessories,West,5,4200,330.48,2026,May,Q2,0.078685714
1/6/2026,Monitor,Accessories,North,6,5022,291.89,2026,June,Q2,0.058122262
2/6/2026,Smartphone,Electronics,West,2,2354,371.34,2026,June,Q2,0.157748513
3/6/2026,Smartphone,Electronics,South,2,2032,149.7,2026,June,Q2,0.07367126
4/6/2026,Printer,Office,South,8,9528,1942.35,2026,June,Q2,0.203857053
5/6/2026,Keyboard,Accessories,South,2,2372,275.88,2026,June,Q2,0.116306914
6/6/2026,Laptop,Electronics,West,3,2703,609.75,2026,June,Q2,0.225582686
7/6/2026,Laptop,Electronics,South,4,1264,267.82,2026,June,Q2,0.211882911
8/6/2026,Smartphone,Electronics,South,4,1624,333.74,2026,June,Q2,0.205504926
9/6/2026,Mouse,Accessories,West,8,2976,507.77,2026,June,Q2,0.17062164
10/6/2026,Headphones,Accessories,West,6,4998,863.82,2026,June,Q2,0.172833133
11/6/2026,Printer,Office,South,1,445,29.57,2026,June,Q2,0.066449438
12/6/2026,Printer,Office,West,1,98,28.57,2026,June,Q2,0.291530612
13-06-2026,Tablet,Electronics,North,7,4102,354.03,2026,June,Q2,0.08630668
14-06-2026,Printer,Office,North,1,1016,171.31,2026,June,Q2,0.168612205
15-06-2026,Headphones,Accessories,South,4,1960,234.88,2026,June,Q2,0.119836735
16-06-2026,Mouse,Accessories,West,7,2751,675.95,2026,June,Q2,0.245710651
17-06-2026,Smartphone,Electronics,East,7,4032,742.98,2026,June,Q2,0.184270833
18-06-2026,Smartphone,Electronics,West,7,5978,1791.25,2026,June,Q2,0.299640348
19-06-2026,Headphones,Accessories,West,7,8050,2129.97,2026,June,Q2,0.264592547
20-06-2026,Monitor,Accessories,East,7,4648,1240.98,2026,June,Q2,0.266992255
21-06-2026,Smartphone,Electronics,North,3,1119,108.68,2026,June,Q2,0.097122431
22-06-2026,Printer,Office,South,9,2178,382.67,2026,June,Q2,0.175697888
23-06-2026,Laptop,Electronics,East,1,918,180.31,2026,June,Q2,0.196416122
24-06-2026,Smartphone,Electronics,East,9,6903,837.35,2026,June,Q2,0.121302332
25-06-2026,Keyboard,Accessories,North,5,4855,534.23,2026,June,Q2,0.110037075
26-06-2026,Camera,Electronics,South,2,2158,483.94,2026,June,Q2,0.224253939
27-06-2026,Mouse,Accessories,North,7,4550,1077.8,2026,June,Q2,0.236879121
28-06-2026,Tablet,Electronics,West,4,3592,249.54,2026,June,Q2,0.069471047
29-06-2026,Tablet,Electronics,South,8,3488,943.25,2026,June,Q2,0.270427179
30-06-2026,Monitor,Accessories,North,2,1214,163.8,2026,June,Q2,0.134925865
1/7/2026,Mouse,Accessories,West,9,7200,1469.23,2026,July,Q3,0.204059722
2/7/2026,Laptop,Electronics,East,8,1808,339.31,2026,July,Q3,0.18767146
3/7/2026,Camera,Electronics,West,9,7083,560.88,2026,July,Q3,0.079186785
4/7/2026,Monitor,Accessories,East,4,1060,260.21,2026,July,Q3,0.245481132
5/7/2026,Smartwatch,Electronics,South,9,7182,461.61,2026,July,Q3,0.064273183
6/7/2026,Smartphone,Electronics,West,6,5532,552.74,2026,July,Q3,0.099916847
7/7/2026,Headphones,Accessories,South,8,1800,326.03,2026,July,Q3,0.181127778
8/7/2026,Headphones,Accessories,South,1,351,32.61,2026,July,Q3,0.092905983
9/7/2026,Smartwatch,Electronics,West,2,1200,191.43,2026,July,Q3,0.159525
10/7/2026,Tablet,Electronics,South,9,1593,322.46,2026,July,Q3,0.202423101
11/7/2026,Monitor,Accessories,East,3,2580,448.02,2026,July,Q3,0.173651163
12/7/2026,Keyboard,Accessories,East,6,6780,1794.97,2026,July,Q3,0.264744838
13-07-2026,Smartphone,Electronics,South,2,1298,204.08,2026,July,Q3,0.157226502
14-07-2026,Smartwatch,Electronics,South,7,4585,383.97,2026,July,Q3,0.08374482
15-07-2026,Tablet,Electronics,North,1,516,70.53,2026,July,Q3,0.136686047
16-07-2026,Tablet,Electronics,West,4,1780,420.28,2026,July,Q3,0.23611236
17-07-2026,Keyboard,Accessories,North,5,365,94.05,2026,July,Q3,0.257671233
18-07-2026,Tablet,Electronics,South,8,3896,735.66,2026,July,Q3,0.188824435
19-07-2026,Laptop,Electronics,South,1,636,169.24,2026,July,Q3,0.266100629
20-07-2026,Monitor,Accessories,East,7,637,87.86,2026,July,Q3,0.137927786
21-07-2026,Keyboard,Accessories,South,3,1302,180.82,2026,July,Q3,0.138878648
22-07-2026,Smartphone,Electronics,West,1,719,40.42,2026,July,Q3,0.056216968
23-07-2026,Camera,Electronics,West,6,5106,1341.93,2026,July,Q3,0.262814336
24-07-2026,Mouse,Accessories,West,3,1215,129.8,2026,July,Q3,0.106831276
25-07-2026,Camera,Electronics,East,9,1791,187.28,2026,July,Q3,0.104567281
26-07-2026,Printer,Office,East,9,6255,452.46,2026,July,Q3,0.072335731
27-07-2026,Printer,Office,East,5,4165,1012.37,2026,July,Q3,0.243066026
28-07-2026,Monitor,Accessories,South,5,5990,1192.11,2026,July,Q3,0.199016694
29-07-2026,Tablet,Electronics,South,1,847,142.74,2026,July,Q3,0.168524203
30-07-2026,Camera,Electronics,East,8,688,131.26,2026,July,Q3,0.190784884
31-07-2026,Tablet,Electronics,East,2,1188,286.38,2026,July,Q3,0.241060606
1/8/2026,Camera,Electronics,North,7,3101,926.09,2026,August,Q3,0.298642373
2/8/2026,Headphones,Accessories,West,9,8703,1562.88,2026,August,Q3,0.179579455
3/8/2026,Printer,Office,West,9,9324,2416.93,2026,August,Q3,0.259216002
4/8/2026,Laptop,Electronics,North,1,749,68.17,2026,August,Q3,0.091014686
5/8/2026,Smartwatch,Electronics,West,4,3224,871.53,2026,August,Q3,0.270325682
6/8/2026,Monitor,Accessories,South,3,459,40.96,2026,August,Q3,0.089237473
7/8/2026,Smartwatch,Electronics,East,7,5726,976.14,2026,August,Q3,0.170475026
8/8/2026,Keyboard,Accessories,West,4,616,175.75,2026,August,Q3,0.285308442
9/8/2026,Laptop,Electronics,North,2,1584,406.25,2026,August,Q3,0.25647096
10/8/2026,Laptop,Electronics,East,5,3205,368.41,2026,August,Q3,0.114948518
11/8/2026,Printer,Office,East,1,958,186.76,2026,August,Q3,0.194947808
12/8/2026,Laptop,Electronics,East,9,5139,1315.93,2026,August,Q3,0.256067328
13-08-2026,Smartphone,Electronics,West,5,3795,239.15,2026,August,Q3,0.063017128
14-08-2026,Camera,Electronics,East,2,810,229.33,2026,August,Q3,0.283123457
15-08-2026,Camera,Electronics,South,6,5106,1500.2,2026,August,Q3,0.293811203
16-08-2026,Monitor,Accessories,West,2,798,79.25,2026,August,Q3,0.099310777
17-08-2026,Laptop,Electronics,West,5,3165,895.33,2026,August,Q3,0.282884676
18-08-2026,Tablet,Electronics,East,5,5935,875.84,2026,August,Q3,0.14757203
19-08-2026,Keyboard,Accessories,South,4,3352,663.15,2026,August,Q3,0.197837112
20-08-2026,Smartphone,Electronics,West,9,8343,821,2026,August,Q3,0.098405849
21-08-2026,Monitor,Accessories,East,4,2604,411.38,2026,August,Q3,0.157980031
22-08-2026,Headphones,Accessories,West,1,526,108.88,2026,August,Q3,0.206996198
23-08-2026,Monitor,Accessories,West,9,5220,1324.01,2026,August,Q3,0.253641762
24-08-2026,Printer,Office,North,9,1737,152.98,2026,August,Q3,0.088071387
25-08-2026,Mouse,Accessories,West,6,3186,841.04,2026,August,Q3,0.263979912
26-08-2026,Smartphone,Electronics,West,6,7014,1202.25,2026,August,Q3,0.171407186
27-08-2026,Mouse,Accessories,South,9,3411,444.87,2026,August,Q3,0.130422164
28-08-2026,Monitor,Accessories,East,1,513,87.58,2026,August,Q3,0.170721248
29-08-2026,Smartphone,Electronics,West,1,1104,277.85,2026,August,Q3,0.251675725
30-08-2026,Smartphone,Electronics,East,9,2718,271.51,2026,August,Q3,0.099893304
31-08-2026,Headphones,Accessories,North,6,1662,416.3,2026,August,Q3,0.250481348
1/9/2026,Mouse,Accessories,West,5,1700,360.59,2026,September,Q3,0.212111765
2/9/2026,Tablet,Electronics,South,4,2932,597.65,2026,September,Q3,0.203836971
3/9/2026,Mouse,Accessories,North,4,3604,971.14,2026,September,Q3,0.269461709
4/9/2026,Camera,Electronics,West,4,4596,553.58,2026,September,Q3,0.120448216
5/9/2026,Smartwatch,Electronics,East,6,930,68.24,2026,September,Q3,0.073376344
6/9/2026,Tablet,Electronics,North,3,2790,470.93,2026,September,Q3,0.168792115
7/9/2026,Smartphone,Electronics,North,6,4596,1162.75,2026,September,Q3,0.252991732
8/9/2026,Keyboard,Accessories,South,1,962,260.28,2026,September,Q3,0.270561331
9/9/2026,Smartphone,Electronics,North,1,92,14.88,2026,September,Q3,0.16173913
10/9/2026,Keyboard,Accessories,North,5,1130,254.99,2026,September,Q3,0.225654867
11/9/2026,Headphones,Accessories,East,6,6024,1706.41,2026,September,Q3,0.283268592
12/9/2026,Printer,Office,South,1,879,135,2026,September,Q3,0.153583618
13-09-2026,Monitor,Accessories,East,8,2384,444.98,2026,September,Q3,0.186652685
14-09-2026,Camera,Electronics,South,4,4644,277.26,2026,September,Q3,0.059702842
15-09-2026,Keyboard,Accessories,East,1,607,79.78,2026,September,Q3,0.131433278
16-09-2026,Mouse,Accessories,South,7,770,129.11,2026,September,Q3,0.167675325
17-09-2026,Keyboard,Accessories,South,1,711,158.89,2026,September,Q3,0.22347398
18-09-2026,Keyboard,Accessories,South,2,1088,235.83,2026,September,Q3,0.216755515
19-09-2026,Laptop,Electronics,East,7,4704,513.14,2026,September,Q3,0.109085884
20-09-2026,Laptop,Electronics,East,5,660,90.86,2026,September,Q3,0.137666667
21-09-2026,Headphones,Accessories,South,5,4680,516.26,2026,September,Q3,0.110311966
22-09-2026,Camera,Electronics,East,7,6797,665.29,2026,September,Q3,0.097879947
23-09-2026,Mouse,Accessories,North,9,558,38.86,2026,September,Q3,0.069641577
24-09-2026,Monitor,Accessories,East,4,4496,1115.75,2026,September,Q3,0.248165036
25-09-2026,Keyboard,Accessories,South,1,713,62.78,2026,September,Q3,0.088050491
26-09-2026,Camera,Electronics,East,2,1310,212.43,2026,September,Q3,0.162160305
27-09-2026,Keyboard,Accessories,West,9,2853,564.05,2026,September,Q3,0.197704171
28-09-2026,Camera,Electronics,South,2,2324,516.06,2026,September,Q3,0.222056799
29-09-2026,Laptop,Electronics,North,1,330,53.42,2026,September,Q3,0.161878788
30-09-2026,Camera,Electronics,South,3,588,100.52,2026,September,Q3,0.170952381
1/10/2026,Smartphone,Electronics,East,1,63,11.91,2026,October,Q4,0.189047619
2/10/2026,Tablet,Electronics,East,7,847,147.71,2026,October,Q4,0.174391972
3/10/2026,Printer,Office,East,1,1037,56.89,2026,October,Q4,0.054860174
4/10/2026,Mouse,Accessories,North,1,373,72.17,2026,October,Q4,0.193485255
5/10/2026,Laptop,Electronics,North,1,1176,157.47,2026,October,Q4,0.133903061
6/10/2026,Smartphone,Electronics,East,3,2139,422.52,2026,October,Q4,0.197531557
7/10/2026,Monitor,Accessories,West,9,4140,301.12,2026,October,Q4,0.0727343
8/10/2026,Laptop,Electronics,North,1,1038,63.23,2026,October,Q4,0.060915222
9/10/2026,Monitor,Accessories,East,8,2024,203.11,2026,October,Q4,0.100350791
10/10/2026,Smartwatch,Electronics,South,6,6624,1136.09,2026,October,Q4,0.171511171
11/10/2026,Smartwatch,Electronics,East,7,5019,1154.79,2026,October,Q4,0.230083682
12/10/2026,Smartphone,Electronics,East,5,750,207.77,2026,October,Q4,0.277026667
13-10-2026,Camera,Electronics,North,7,6461,1455.36,2026,October,Q4,0.225253057
14-10-2026,Tablet,Electronics,West,6,2946,208.01,2026,October,Q4,0.070607604
15-10-2026,Monitor,Accessories,South,1,618,81.04,2026,October,Q4,0.131132686
16-10-2026,Printer,Office,South,2,1774,322.49,2026,October,Q4,0.181786922
17-10-2026,Camera,Electronics,East,9,8586,700.37,2026,October,Q4,0.081571162
18-10-2026,Laptop,Electronics,South,5,2000,232.41,2026,October,Q4,0.116205
19-10-2026,Mouse,Accessories,East,1,849,205.88,2026,October,Q4,0.242497055
20-10-2026,Mouse,Accessories,East,6,3186,374.63,2026,October,Q4,0.117586315
21-10-2026,Monitor,Accessories,South,4,2536,495.13,2026,October,Q4,0.195240536
22-10-2026,Smartwatch,Electronics,South,2,1306,228.41,2026,October,Q4,0.174892802
23-10-2026,Tablet,Electronics,East,3,2508,631.85,2026,October,Q4,0.251933812
24-10-2026,Tablet,Electronics,North,8,1048,107.56,2026,October,Q4,0.102633588
25-10-2026,Keyboard,Accessories,East,4,1516,256.96,2026,October,Q4,0.169498681
26-10-2026,Smartphone,Electronics,West,9,10458,1835.21,2026,October,Q4,0.17548384
27-10-2026,Headphones,Accessories,East,9,2754,259.16,2026,October,Q4,0.094103123
28-10-2026,Printer,Office,West,4,3432,364.27,2026,October,Q4,0.106139277
29-10-2026,Monitor,Accessories,South,2,1234,257.89,2026,October,Q4,0.208987034
30-10-2026,Monitor,Accessories,East,1,847,146.25,2026,October,Q4,0.172668241
31-10-2026,Keyboard,Accessories,South,7,7672,896.11,2026,October,Q4,0.116802659
1/11/2026,Monitor,Accessories,North,9,7596,1454.15,2026,November,Q4,0.191436282
2/11/2026,Keyboard,Accessories,East,7,7252,1357.27,2026,November,Q4,0.187158025
3/11/2026,Smartwatch,Electronics,West,6,732,136.59,2026,November,Q4,0.186598361
4/11/2026,Smartphone,Electronics,West,1,173,20.96,2026,November,Q4,0.121156069
5/11/2026,Camera,Electronics,North,3,2805,749.5,2026,November,Q4,0.267201426
6/11/2026,Smartphone,Electronics,West,8,7048,391.96,2026,November,Q4,0.05561294
7/11/2026,Mouse,Accessories,East,6,4698,1020.11,2026,November,Q4,0.21713708
8/11/2026,Smartwatch,Electronics,South,1,565,148.79,2026,November,Q4,0.263345133
9/11/2026,Monitor,Accessories,North,1,672,198.75,2026,November,Q4,0.295758929
10/11/2026,Camera,Electronics,South,6,2604,566.34,2026,November,Q4,0.217488479
11/11/2026,Tablet,Electronics,West,6,5124,501.5,2026,November,Q4,0.097872756
12/11/2026,Smartwatch,Electronics,West,5,2455,714.35,2026,November,Q4,0.290977597
13-11-2026,Printer,Office,North,2,1796,225.15,2026,November,Q4,0.125361915
14-11-2026,Laptop,Electronics,South,1,288,61.85,2026,November,Q4,0.214756944
15-11-2026,Laptop,Electronics,North,5,2160,553.41,2026,November,Q4,0.256208333
16-11-2026,Tablet,Electronics,West,1,105,27.36,2026,November,Q4,0.260571429
17-11-2026,Monitor,Accessories,South,9,7578,1596.64,2026,November,Q4,0.210694115
18-11-2026,Headphones,Accessories,South,1,365,50.1,2026,November,Q4,0.137260274
19-11-2026,Camera,Electronics,West,8,3752,537.98,2026,November,Q4,0.143384861
20-11-2026,Keyboard,Accessories,North,2,1384,316.21,2026,November,Q4,0.228475434
21-11-2026,Smartphone,Electronics,West,5,475,76.22,2026,November,Q4,0.160463158
22-11-2026,Printer,Office,West,4,1116,242.31,2026,November,Q4,0.217123656
23-11-2026,Smartphone,Electronics,West,1,137,39.35,2026,November,Q4,0.287226277
24-11-2026,Headphones,Accessories,South,6,738,158.96,2026,November,Q4,0.215392954
25-11-2026,Camera,Electronics,West,3,1821,543.01,2026,November,Q4,0.2981933
26-11-2026,Keyboard,Accessories,West,7,3654,670.16,2026,November,Q4,0.183404488
27-11-2026,Keyboard,Accessories,East,6,2592,404.89,2026,November,Q4,0.156207562
28-11-2026,Camera,Electronics,East,6,996,225.75,2026,November,Q4,0.226656627
29-11-2026,Mouse,Accessories,North,1,693,62.75,2026,November,Q4,0.090548341
30-11-2026,Keyboard,Accessories,East,3,513,48.23,2026,November,Q4,0.094015595
1/12/2026,Smartwatch,Electronics,East,8,5736,937.62,2026,December,Q4,0.163462343
2/12/2026,Mouse,Accessories,East,2,1458,208.93,2026,December,Q4,0.14329904
3/12/2026,Smartphone,Electronics,East,8,5496,1104.93,2026,December,Q4,0.201042576
4/12/2026,Tablet,Electronics,North,3,3183,358.87,2026,December,Q4,0.112745837
5/12/2026,Headphones,Accessories,East,6,3990,975.5,2026,December,Q4,0.244486216
6/12/2026,Smartphone,Electronics,West,2,582,76.45,2026,December,Q4,0.131357388
7/12/2026,Printer,Office,South,5,3340,845.53,2026,December,Q4,0.253152695
8/12/2026,Monitor,Accessories,West,1,890,59.1,2026,December,Q4,0.066404494
9/12/2026,Printer,Office,East,6,4890,689.01,2026,December,Q4,0.14090184
10/12/2026,Keyboard,Accessories,East,3,2625,349.61,2026,December,Q4,0.133184762
11/12/2026,Smartwatch,Electronics,North,4,1440,200.09,2026,December,Q4,0.138951389
12/12/2026,Headphones,Accessories,North,5,505,93.85,2026,December,Q4,0.185841584
13-12-2026,Laptop,Electronics,North,8,8192,1822.87,2026,December,Q4,0.222518311
14-12-2026,Keyboard,Accessories,East,3,1920,144.3,2026,December,Q4,0.07515625
15-12-2026,Smartwatch,Electronics,West,8,8768,1065.8,2026,December,Q4,0.121555657
16-12-2026,Mouse,Accessories,North,1,1140,117.05,2026,December,Q4,0.102675439
17-12-2026,Laptop,Electronics,North,4,952,264.61,2026,December,Q4,0.277951681
18-12-2026,Smartphone,Electronics,North,1,225,51.07,2026,December,Q4,0.226977778
19-12-2026,Printer,Office,South,4,1304,336.95,2026,December,Q4,0.258397239
20-12-2026,Camera,Electronics,East,3,1029,206.83,2026,December,Q4,0.201000972
21-12-2026,Printer,Office,South,3,3402,442.67,2026,December,Q4,0.130120517
22-12-2026,Laptop,Electronics,North,9,8460,1201.94,2026,December,Q4,0.142073286
23-12-2026,Monitor,Accessories,North,1,104,26.86,2026,December,Q4,0.258269231
24-12-2026,Monitor,Accessories,West,9,10665,1595.08,2026,December,Q4,0.149562119
25-12-2026,Smartwatch,Electronics,East,8,984,183.07,2026,December,Q4,0.186046748
26-12-2026,Smartphone,Electronics,North,4,2064,359.3,2026,December,Q4,0.174079457
27-12-2026,Laptop,Electronics,North,2,594,172.47,2026,December,Q4,0.290353535
28-12-2026,Printer,Office,South,8,6016,898.33,2026,December,Q4,0.149323471
29-12-2026,Smartphone,Electronics,North,8,2864,195.16,2026,December,Q4,0.068142458
30-12-2026,Tablet,Electronics,North,4,724,186.95,2026,December,Q4,0.258218232
31-12-2026,Mouse,Accessories,East,6,4098,1174.46,2026,December,Q4,0.28659346
1/1/2027,Monitor,Accessories,North,1,338,32.61,2027,January,Q1,0.09647929
2/1/2027,Printer,Office,West,8,9280,1596.88,2027,January,Q1,0.172077586
3/1/2027,Smartwatch,Electronics,East,1,890,57.04,2027,January,Q1,0.064089888
4/1/2027,Tablet,Electronics,South,2,1790,442.75,2027,January,Q1,0.247346369
5/1/2027,Tablet,Electronics,North,9,8523,978.97,2027,January,Q1,0.114862138
6/1/2027,Headphones,Accessories,West,9,7776,677.74,2027,January,Q1,0.087157922
7/1/2027,Mouse,Accessories,North,7,3031,417.5,2027,January,Q1,0.137743319
8/1/2027,Camera,Electronics,South,9,4698,1262.47,2027,January,Q1,0.268724989
9/1/2027,Keyboard,Accessories,West,9,4851,1408.41,2027,January,Q1,0.290333952
10/1/2027,Camera,Electronics,East,6,4542,1169.16,2027,January,Q1,0.257410832
11/1/2027,Headphones,Accessories,North,2,978,210.75,2027,January,Q1,0.215490798
12/1/2027,Mouse,Accessories,South,9,9378,1740.97,2027,January,Q1,0.185644061
13-01-2027,Smartwatch,Electronics,North,8,9464,2043.73,2027,January,Q1,0.215947802
14-01-2027,Printer,Office,West,8,1720,401.26,2027,January,Q1,0.233290698
15-01-2027,Keyboard,Accessories,West,8,4752,1124.22,2027,January,Q1,0.236578283
16-01-2027,Keyboard,Accessories,South,4,584,127.28,2027,January,Q1,0.217945205
17-01-2027,Camera,Electronics,North,9,4554,1031.09,2027,January,Q1,0.226414141
18-01-2027,Tablet,Electronics,South,2,2392,483.39,2027,January,Q1,0.20208612
19-01-2027,Camera,Electronics,South,7,3962,916.13,2027,January,Q1,0.231229177
20-01-2027,Laptop,Electronics,North,3,1308,141.04,2027,January,Q1,0.107828746
21-01-2027,Printer,Office,South,8,5912,1153.18,2027,January,Q1,0.19505751
22-01-2027,Camera,Electronics,South,7,5831,1416.31,2027,January,Q1,0.242893157
23-01-2027,Camera,Electronics,West,7,5572,690.68,2027,January,Q1,0.123955492
24-01-2027,Monitor,Accessories,North,6,5214,1093.04,2027,January,Q1,0.209635596
25-01-2027,Mouse,Accessories,East,9,6705,1283.78,2027,January,Q1,0.19146607
26-01-2027,Headphones,Accessories,North,1,426,93.83,2027,January,Q1,0.220258216
27-01-2027,Smartphone,Electronics,West,2,2204,523.82,2027,January,Q1,0.237667877
28-01-2027,Smartphone,Electronics,North,3,2652,161.67,2027,January,Q1,0.060961538
29-01-2027,Printer,Office,South,6,3132,919.52,2027,January,Q1,0.293588761
30-01-2027,Printer,Office,West,5,1830,437.35,2027,January,Q1,0.238989071
31-01-2027,Laptop,Electronics,East,9,2763,676.25,2027,January,Q1,0.244752081
1/2/2027,Monitor,Accessories,North,8,9056,2281.97,2027,February,Q1,0.25198432
2/2/2027,Camera,Electronics,North,7,5439,1416.62,2027,February,Q1,0.260455966
3/2/2027,Camera,Electronics,South,6,828,47.91,2027,February,Q1,0.057862319
4/2/2027,Smartwatch,Electronics,East,5,1910,463.07,2027,February,Q1,0.242445026
5/2/2027,Tablet,Electronics,North,2,1874,333.86,2027,February,Q1,0.178153682
6/2/2027,Mouse,Accessories,East,1,1032,291.41,2027,February,Q1,0.282374031
7/2/2027,Keyboard,Accessories,East,3,3264,556.86,2027,February,Q1,0.170606618
8/2/2027,Smartphone,Electronics,West,1,877,110.99,2027,February,Q1,0.126556442
9/2/2027,Camera,Electronics,North,3,924,183.18,2027,February,Q1,0.198246753
10/2/2027,Camera,Electronics,West,3,417,114.42,2027,February,Q1,0.274388489
11/2/2027,Laptop,Electronics,West,5,2670,155.89,2027,February,Q1,0.058385768
12/2/2027,Keyboard,Accessories,South,7,2716,512.09,2027,February,Q1,0.188545655
13-02-2027,Headphones,Accessories,West,9,10134,1334.37,2027,February,Q1,0.131672587
14-02-2027,Monitor,Accessories,North,5,5500,1230.98,2027,February,Q1,0.223814545
15-02-2027,Tablet,Electronics,East,6,6228,1756.82,2027,February,Q1,0.282084136
16-02-2027,Laptop,Electronics,West,7,1092,274.77,2027,February,Q1,0.251620879
17-02-2027,Monitor,Accessories,West,5,3255,332.54,2027,February,Q1,0.102162826
18-02-2027,Tablet,Electronics,West,5,5645,1320.86,2027,February,Q1,0.2339876
19-02-2027,Smartphone,Electronics,North,9,7578,466.87,2027,February,Q1,0.061608604
20-02-2027,Keyboard,Accessories,South,9,6282,1594.61,2027,February,Q1,0.25383795
21-02-2027,Laptop,Electronics,South,6,2364,639.29,2027,February,Q1,0.270427242
22-02-2027,Keyboard,Accessories,North,8,6880,1570.91,2027,February,Q1,0.228329942
23-02-2027,Smartphone,Electronics,East,6,3288,249.02,2027,February,Q1,0.07573601
24-02-2027,Monitor,Accessories,East,6,5292,659.58,2027,February,Q1,0.124637188
25-02-2027,Printer,Office,North,3,3522,883.41,2027,February,Q1,0.250826235
26-02-2027,Smartwatch,Electronics,West,2,1518,87.6,2027,February,Q1,0.05770751
27-02-2027,Tablet,Electronics,North,7,2457,690.55,2027,February,Q1,0.281054131
28-02-2027,Headphones,Accessories,West,1,309,62.08,2027,February,Q1,0.200906149
1/3/2027,Monitor,Accessories,North,6,6192,717.46,2027,March,Q1,0.115868863
2/3/2027,Camera,Electronics,East,5,4235,747.96,2027,March,Q1,0.176613932
3/3/2027,Smartwatch,Electronics,North,9,7128,457.11,2027,March,Q1,0.064128788
4/3/2027,Tablet,Electronics,North,5,5660,641.69,2027,March,Q1,0.113372792
5/3/2027,Smartphone,Electronics,South,1,787,120.38,2027,March,Q1,0.15296061
6/3/2027,Mouse,Accessories,West,3,375,107.26,2027,March,Q1,0.286026667
7/3/2027,Camera,Electronics,South,4,296,44.79,2027,March,Q1,0.151317568
8/3/2027,Keyboard,Accessories,East,6,6372,570.75,2027,March,Q1,0.089571563
9/3/2027,Mouse,Accessories,West,6,2214,322.73,2027,March,Q1,0.145767841
10/3/2027,Headphones,Accessories,South,6,2640,734.44,2027,March,Q1,0.27819697
11/3/2027,Camera,Electronics,South,7,2240,580.47,2027,March,Q1,0.259138393
12/3/2027,Smartwatch,Electronics,East,7,6258,1347.74,2027,March,Q1,0.215362736
13-03-2027,Printer,Office,West,8,3816,574.57,2027,March,Q1,0.150568658
14-03-2027,Smartwatch,Electronics,South,2,390,115.48,2027,March,Q1,0.296102564
15-03-2027,Tablet,Electronics,South,7,630,83.28,2027,March,Q1,0.132190476
16-03-2027,Smartphone,Electronics,South,4,3868,819.26,2027,March,Q1,0.21180455
17-03-2027,Monitor,Accessories,North,1,777,211.31,2027,March,Q1,0.271956242
18-03-2027,Monitor,Accessories,North,3,1347,196.59,2027,March,Q1,0.145946548
19-03-2027,Laptop,Electronics,East,9,7272,500.32,2027,March,Q1,0.06880088
20-03-2027,Printer,Office,North,6,5724,857.33,2027,March,Q1,0.149778127
21-03-2027,Headphones,Accessories,West,3,312,74.8,2027,March,Q1,0.23974359
22-03-2027,Laptop,Electronics,East,3,1947,239.63,2027,March,Q1,0.123076528
23-03-2027,Tablet,Electronics,North,6,1128,207.97,2027,March,Q1,0.184370567
24-03-2027,Laptop,Electronics,East,9,4158,672.32,2027,March,Q1,0.161693122
25-03-2027,Keyboard,Accessories,East,6,2670,782.28,2027,March,Q1,0.292988764
26-03-2027,Headphones,Accessories,East,1,85,17.71,2027,March,Q1,0.208352941
27-03-2027,Mouse,Accessories,East,8,4136,1056.54,2027,March,Q1,0.25544971
28-03-2027,Tablet,Electronics,North,6,4332,348.61,2027,March,Q1,0.080473223
29-03-2027,Monitor,Accessories,North,8,1600,305.3,2027,March,Q1,0.1908125
30-03-2027,Tablet,Electronics,East,7,5075,471.21,2027,March,Q1,0.092849261
31-03-2027,Tablet,Electronics,South,6,4152,1065.46,2027,March,Q1,0.25661368
1/4/2027,Printer,Office,East,7,5635,1665.01,2027,April,Q2,0.295476486
2/4/2027,Smartwatch,Electronics,East,3,3108,220.97,2027,April,Q2,0.071097169
3/4/2027,Smartwatch,Electronics,South,7,4270,1197.44,2027,April,Q2,0.280430913
4/4/2027,Monitor,Accessories,West,5,1350,321.9,2027,April,Q2,0.238444444
5/4/2027,Keyboard,Accessories,East,3,330,81.86,2027,April,Q2,0.248060606
6/4/2027,Camera,Electronics,South,6,4260,504.82,2027,April,Q2,0.118502347
7/4/2027,Headphones,Accessories,North,3,2712,751.52,2027,April,Q2,0.277109145
8/4/2027,Smartphone,Electronics,West,1,328,46.23,2027,April,Q2,0.140945122
9/4/2027,Smartphone,Electronics,West,8,7776,498.6,2027,April,Q2,0.06412037
10/4/2027,Laptop,Electronics,East,4,2896,522.82,2027,April,Q2,0.180531768
11/4/2027,Tablet,Electronics,North,2,1902,388.83,2027,April,Q2,0.204432177
12/4/2027,Smartwatch,Electronics,North,7,3255,814.85,2027,April,Q2,0.250337942
13-04-2027,Keyboard,Accessories,North,3,633,162.4,2027,April,Q2,0.256556082
14-04-2027,Tablet,Electronics,East,7,6209,402.78,2027,April,Q2,0.064870349
15-04-2027,Smartwatch,Electronics,East,9,4698,1167.9,2027,April,Q2,0.248595147
16-04-2027,Smartphone,Electronics,West,8,7424,1878.07,2027,April,Q2,0.252972791
17-04-2027,Printer,Office,East,1,498,58.3,2027,April,Q2,0.117068273
18-04-2027,Headphones,Accessories,East,1,111,27.91,2027,April,Q2,0.251441441
19-04-2027,Laptop,Electronics,North,8,7520,1201.4,2027,April,Q2,0.159760638
20-04-2027,Camera,Electronics,South,1,182,30.97,2027,April,Q2,0.170164835
21-04-2027,Mouse,Accessories,West,5,5890,309,2027,April,Q2,0.0524618
22-04-2027,Laptop,Electronics,South,4,3244,357.55,2027,April,Q2,0.110218866
23-04-2027,Smartphone,Electronics,South,7,5229,1058.26,2027,April,Q2,0.202382865
24-04-2027,Smartwatch,Electronics,North,9,5202,1271.47,2027,April,Q2,0.244419454
25-04-2027,Keyboard,Accessories,West,3,438,67.43,2027,April,Q2,0.153949772
26-04-2027,Keyboard,Accessories,East,6,6900,1109.73,2027,April,Q2,0.160830435
27-04-2027,Tablet,Electronics,East,3,369,36.07,2027,April,Q2,0.097750678
28-04-2027,Laptop,Electronics,West,4,4140,1229.85,2027,April,Q2,0.297065217
29-04-2027,Printer,Office,South,3,1086,188.65,2027,April,Q2,0.173710866
30-04-2027,Mouse,Accessories,South,2,2134,269.53,2027,April,Q2,0.126302718
1/5/2027,Laptop,Electronics,North,6,5310,637.81,2027,May,Q2,0.120114878
2/5/2027,Headphones,Accessories,East,6,2748,682.8,2027,May,Q2,0.248471616
3/5/2027,Printer,Office,South,9,3357,405.61,2027,May,Q2,0.120825141
4/5/2027,Smartwatch,Electronics,West,9,10206,592.77,2027,May,Q2,0.058080541
5/5/2027,Smartphone,Electronics,South,6,2970,425.9,2027,May,Q2,0.143400673
6/5/2027,Mouse,Accessories,West,4,1208,351.47,2027,May,Q2,0.290951987
7/5/2027,Smartwatch,Electronics,South,3,945,135.59,2027,May,Q2,0.143481481
8/5/2027,Monitor,Accessories,East,8,7040,996.02,2027,May,Q2,0.141480114
9/5/2027,Smartphone,Electronics,West,4,3684,1009.1,2027,May,Q2,0.273914224
10/5/2027,Headphones,Accessories,East,2,1262,190.02,2027,May,Q2,0.150570523
11/5/2027,Mouse,Accessories,South,3,3504,807.65,2027,May,Q2,0.230493721
12/5/2027,Printer,Office,East,6,4464,1122.37,2027,May,Q2,0.251426971
13-05-2027,Laptop,Electronics,East,4,1324,227.2,2027,May,Q2,0.171601208
14-05-2027,Camera,Electronics,East,6,4140,451.27,2027,May,Q2,0.109002415
15-05-2027,Mouse,Accessories,West,8,2384,120.28,2027,May,Q2,0.05045302
16-05-2027,Laptop,Electronics,West,8,4624,1313.36,2027,May,Q2,0.284031142
17-05-2027,Smartwatch,Electronics,West,6,4812,662.54,2027,May,Q2,0.137684954
18-05-2027,Tablet,Electronics,North,6,5640,856.44,2027,May,Q2,0.151851064
19-05-2027,Smartwatch,Electronics,West,5,1840,307.09,2027,May,Q2,0.166896739
20-05-2027,Keyboard,Accessories,North,7,8071,435.51,2027,May,Q2,0.053959856
21-05-2027,Keyboard,Accessories,North,3,2400,297.07,2027,May,Q2,0.123779167
22-05-2027,Smartwatch,Electronics,East,6,3570,265.62,2027,May,Q2,0.074403361
23-05-2027,Laptop,Electronics,East,3,1758,245.92,2027,May,Q2,0.139886234
24-05-2027,Monitor,Accessories,North,4,3072,394.2,2027,May,Q2,0.128320313
25-05-2027,Mouse,Accessories,South,5,2185,136.1,2027,May,Q2,0.06228833
26-05-2027,Smartphone,Electronics,North,8,7664,1251.65,2027,May,Q2,0.163315501
27-05-2027,Headphones,Accessories,West,5,1710,338.1,2027,May,Q2,0.197719298
28-05-2027,Printer,Office,South,2,1878,386.28,2027,May,Q2,0.205686901
29-05-2027,Tablet,Electronics,South,1,569,141.33,2027,May,Q2,0.248383128
30-05-2027,Smartwatch,Electronics,West,3,1488,296.36,2027,May,Q2,0.199166667
31-05-2027,Mouse,Accessories,West,9,9918,1956.17,2027,May,Q2,0.197234321
1/6/2027,Smartwatch,Electronics,South,3,432,36.84,2027,June,Q2,0.085277778
2/6/2027,Tablet,Electronics,East,9,9828,1300.68,2027,June,Q2,0.132344322
3/6/2027,Smartwatch,Electronics,North,5,3625,245.52,2027,June,Q2,0.067729655
4/6/2027,Smartwatch,Electronics,South,3,2187,491.13,2027,June,Q2,0.224567901
5/6/2027,Monitor,Accessories,South,5,5105,1003.4,2027,June,Q2,0.1965524
6/6/2027,Headphones,Accessories,South,3,1392,345.78,2027,June,Q2,0.248405172
7/6/2027,Smartphone,Electronics,North,2,744,110.81,2027,June,Q2,0.148938172
8/6/2027,Smartwatch,Electronics,South,4,1724,233.21,2027,June,Q2,0.135272622
9/6/2027,Mouse,Accessories,West,5,1940,423.17,2027,June,Q2,0.218128866
10/6/2027,Mouse,Accessories,South,4,356,59.15,2027,June,Q2,0.166151685
11/6/2027,Monitor,Accessories,West,5,1095,269.87,2027,June,Q2,0.246456621
12/6/2027,Tablet,Electronics,North,8,4064,543.9,2027,June,Q2,0.133833661
13-06-2027,Smartwatch,Electronics,West,7,5453,1592.37,2027,June,Q2,0.292017238
14-06-2027,Monitor,Accessories,South,8,7104,529.35,2027,June,Q2,0.074514358
15-06-2027,Keyboard,Accessories,East,9,2745,660.56,2027,June,Q2,0.240641166
16-06-2027,Camera,Electronics,North,5,1030,64.81,2027,June,Q2,0.06292233
17-06-2027,Tablet,Electronics,North,9,8973,471.86,2027,June,Q2,0.052586649
18-06-2027,Keyboard,Accessories,North,2,794,128.5,2027,June,Q2,0.161838791
19-06-2027,Printer,Office,South,6,2142,476.19,2027,June,Q2,0.222310924
20-06-2027,Headphones,Accessories,East,2,414,51.1,2027,June,Q2,0.123429952
21-06-2027,Tablet,Electronics,North,3,1416,220.7,2027,June,Q2,0.155861582
22-06-2027,Tablet,Electronics,South,3,2103,541.35,2027,June,Q2,0.257417974
23-06-2027,Camera,Electronics,West,3,861,173.49,2027,June,Q2,0.201498258
24-06-2027,Headphones,Accessories,West,3,2367,222.26,2027,June,Q2,0.093899451
25-06-2027,Tablet,Electronics,South,5,2435,688.82,2027,June,Q2,0.282882957
26-06-2027,Printer,Office,South,4,2456,163.61,2027,June,Q2,0.06661645
27-06-2027,Laptop,Electronics,East,4,3216,962.49,2027,June,Q2,0.299281716
28-06-2027,Smartwatch,Electronics,East,4,4324,833.11,2027,June,Q2,0.192671138
29-06-2027,Mouse,Accessories,South,4,2628,727.87,2027,June,Q2,0.276967275
30-06-2027,Keyboard,Accessories,West,8,8992,2018.64,2027,June,Q2,0.224492883
1/7/2027,Laptop,Electronics,West,6,360,22.16,2027,July,Q3,0.061555556
2/7/2027,Tablet,Electronics,South,3,2067,479.39,2027,July,Q3,0.231925496
3/7/2027,Mouse,Accessories,South,9,3573,550.44,2027,July,Q3,0.154055416
4/7/2027,Laptop,Electronics,South,8,1800,142.86,2027,July,Q3,0.079366667
5/7/2027,Printer,Office,South,8,3912,334.1,2027,July,Q3,0.085403885
6/7/2027,Headphones,Accessories,North,8,5640,747.26,2027,July,Q3,0.132492908
7/7/2027,Tablet,Electronics,South,1,552,115.74,2027,July,Q3,0.209673913
8/7/2027,Mouse,Accessories,South,7,1428,289.65,2027,July,Q3,0.202836134
9/7/2027,Printer,Office,West,1,349,42.05,2027,July,Q3,0.120487106
10/7/2027,Tablet,Electronics,North,6,6402,1366.28,2027,July,Q3,0.213414558
11/7/2027,Monitor,Accessories,East,9,657,185.95,2027,July,Q3,0.283028919
12/7/2027,Mouse,Accessories,West,7,5327,950.7,2027,July,Q3,0.178468181
13-07-2027,Keyboard,Accessories,North,4,4196,1152.45,2027,July,Q3,0.274654433
14-07-2027,Laptop,Electronics,East,4,2892,863.47,2027,July,Q3,0.298571923
15-07-2027,Laptop,Electronics,West,9,2772,432.77,2027,July,Q3,0.156121934
16-07-2027,Smartwatch,Electronics,North,6,4692,1044.97,2027,July,Q3,0.222713129
17-07-2027,Mouse,Accessories,East,6,2742,334.48,2027,July,Q3,0.121983953
18-07-2027,Smartphone,Electronics,North,8,8896,1154.96,2027,July,Q3,0.129829137
19-07-2027,Mouse,Accessories,North,2,2344,385.19,2027,July,Q3,0.164330205
20-07-2027,Headphones,Accessories,South,7,4186,655.53,2027,July,Q3,0.156600573
21-07-2027,Tablet,Electronics,East,9,5238,1152.42,2027,July,Q3,0.220011455
22-07-2027,Mouse,Accessories,North,3,2982,452.22,2027,July,Q3,0.151649899
23-07-2027,Smartwatch,Electronics,West,4,2580,602.5,2027,July,Q3,0.233527132
24-07-2027,Keyboard,Accessories,West,5,2675,671.6,2027,July,Q3,0.251065421
25-07-2027,Printer,Office,East,4,2396,608.5,2027,July,Q3,0.253964942
26-07-2027,Laptop,Electronics,West,5,1600,242.25,2027,July,Q3,0.15140625
27-07-2027,Smartwatch,Electronics,North,4,304,34.73,2027,July,Q3,0.114243421
28-07-2027,Keyboard,Accessories,East,9,2070,457.39,2027,July,Q3,0.220961353
29-07-2027,Printer,Office,North,5,1230,158.23,2027,July,Q3,0.128642276
30-07-2027,Camera,Electronics,South,6,6234,758.78,2027,July,Q3,0.121716394
31-07-2027,Headphones,Accessories,South,2,396,46.33,2027,July,Q3,0.116994949
1/8/2027,Mouse,Accessories,East,9,2349,244.18,2027,August,Q3,0.103950617
2/8/2027,Headphones,Accessories,North,9,5949,626.92,2027,August,Q3,0.105382417
3/8/2027,Printer,Office,East,7,5957,1433.85,2027,August,Q3,0.240700017
4/8/2027,Headphones,Accessories,East,3,1989,299.79,2027,August,Q3,0.150723982
5/8/2027,Mouse,Accessories,South,1,1138,243.36,2027,August,Q3,0.213848858
6/8/2027,Tablet,Electronics,West,9,3321,689.64,2027,August,Q3,0.207660343
7/8/2027,Camera,Electronics,South,4,4480,592.82,2027,August,Q3,0.132325893
8/8/2027,Smartwatch,Electronics,East,3,1533,440.88,2027,August,Q3,0.287592955
9/8/2027,Mouse,Accessories,East,1,109,10.35,2027,August,Q3,0.094954128
10/8/2027,Smartphone,Electronics,South,4,2380,594.86,2027,August,Q3,0.249941176
11/8/2027,Printer,Office,South,8,2592,432.37,2027,August,Q3,0.166809414
12/8/2027,Laptop,Electronics,East,6,5112,1289.47,2027,August,Q3,0.25224374
13-08-2027,Smartwatch,Electronics,North,8,9392,1753.08,2027,August,Q3,0.186656729
14-08-2027,Laptop,Electronics,West,2,2386,381.83,2027,August,Q3,0.160029338
15-08-2027,Smartwatch,Electronics,South,5,465,71.23,2027,August,Q3,0.153182796
16-08-2027,Smartphone,Electronics,West,2,604,102.52,2027,August,Q3,0.169735099
17-08-2027,Smartwatch,Electronics,East,2,2216,650.27,2027,August,Q3,0.293443141
18-08-2027,Mouse,Accessories,East,4,1168,220.22,2027,August,Q3,0.188544521
19-08-2027,Monitor,Accessories,South,7,4088,230.43,2027,August,Q3,0.056367417
20-08-2027,Keyboard,Accessories,West,7,2597,152.09,2027,August,Q3,0.058563727
21-08-2027,Smartwatch,Electronics,West,3,2151,322.03,2027,August,Q3,0.149711762
22-08-2027,Laptop,Electronics,East,6,462,71.22,2027,August,Q3,0.154155844
23-08-2027,Mouse,Accessories,North,7,5957,1077.86,2027,August,Q3,0.180940071
24-08-2027,Smartphone,Electronics,West,6,6978,2028.63,2027,August,Q3,0.290717971
25-08-2027,Headphones,Accessories,South,1,282,72.5,2027,August,Q3,0.257092199
26-08-2027,Camera,Electronics,East,1,157,27.65,2027,August,Q3,0.17611465
27-08-2027,Monitor,Accessories,North,8,3304,404.33,2027,August,Q3,0.122375908
28-08-2027,Headphones,Accessories,North,3,3051,201.26,2027,August,Q3,0.065965257
29-08-2027,Mouse,Accessories,East,9,8082,1783.55,2027,August,Q3,0.220681762
30-08-2027,Laptop,Electronics,West,3,510,110.38,2027,August,Q3,0.216431373
31-08-2027,Tablet,Electronics,East,8,3976,1170.36,2027,August,Q3,0.294356137
1/9/2027,Smartphone,Electronics,East,9,828,59.99,2027,September,Q3,0.072451691
2/9/2027,Headphones,Accessories,West,7,2457,388.11,2027,September,Q3,0.157960928
3/9/2027,Camera,Electronics,North,4,3924,298.07,2027,September,Q3,0.075960754
4/9/2027,Headphones,Accessories,West,2,2018,227.75,2027,September,Q3,0.112859267
5/9/2027,Monitor,Accessories,West,3,2043,479.9,2027,September,Q3,0.234899657
6/9/2027,Printer,Office,West,5,1035,187.12,2027,September,Q3,0.180792271
7/9/2027,Smartwatch,Electronics,North,6,2724,675.53,2027,September,Q3,0.247991924
8/9/2027,Camera,Electronics,East,1,1120,127.32,2027,September,Q3,0.113678571
9/9/2027,Monitor,Accessories,North,6,3438,631.95,2027,September,Q3,0.183813264
10/9/2027,Smartwatch,Electronics,West,5,3170,379.27,2027,September,Q3,0.119643533
11/9/2027,Smartwatch,Electronics,East,4,660,83.96,2027,September,Q3,0.127212121
12/9/2027,Tablet,Electronics,East,7,4669,1088.15,2027,September,Q3,0.233058471
13-09-2027,Smartwatch,Electronics,West,5,1045,89,2027,September,Q3,0.085167464
14-09-2027,Keyboard,Accessories,North,4,2724,229.47,2027,September,Q3,0.084240088
15-09-2027,Headphones,Accessories,West,8,5312,1583,2027,September,Q3,0.298004518
16-09-2027,Tablet,Electronics,West,4,4252,445.18,2027,September,Q3,0.104698965
17-09-2027,Printer,Office,East,7,8057,1652.27,2027,September,Q3,0.205072608
18-09-2027,Keyboard,Accessories,South,7,2023,274.25,2027,September,Q3,0.135565991
19-09-2027,Monitor,Accessories,South,8,9416,2125.54,2027,September,Q3,0.225737043
20-09-2027,Monitor,Accessories,East,8,7560,494.34,2027,September,Q3,0.065388889
21-09-2027,Monitor,Accessories,West,2,828,50.07,2027,September,Q3,0.060471014
22-09-2027,Mouse,Accessories,West,1,527,27.45,2027,September,Q3,0.052087287
23-09-2027,Keyboard,Accessories,North,2,1160,206.49,2027,September,Q3,0.178008621
24-09-2027,Mouse,Accessories,West,5,5430,310.86,2027,September,Q3,0.057248619
25-09-2027,Tablet,Electronics,South,7,6874,454.53,2027,September,Q3,0.066123072
26-09-2027,Printer,Office,East,8,8952,1825.37,2027,September,Q3,0.20390639
27-09-2027,Mouse,Accessories,East,8,416,67.81,2027,September,Q3,0.163004808
28-09-2027,Smartphone,Electronics,South,3,1680,140.27,2027,September,Q3,0.083494048
29-09-2027,Mouse,Accessories,South,7,4340,383.9,2027,September,Q3,0.088456221
30-09-2027,Laptop,Electronics,West,9,7650,2130.82,2027,September,Q3,0.278538562
1/10/2027,Smartwatch,Electronics,West,8,6328,412.76,2027,October,Q4,0.06522756
2/10/2027,Keyboard,Accessories,West,2,1312,344,2027,October,Q4,0.262195122
3/10/2027,Camera,Electronics,East,9,8055,2300.17,2027,October,Q4,0.285558038
4/10/2027,Camera,Electronics,South,2,840,153.61,2027,October,Q4,0.182869048
5/10/2027,Tablet,Electronics,South,9,9423,2794.89,2027,October,Q4,0.296602993
6/10/2027,Monitor,Accessories,North,8,6520,1113.12,2027,October,Q4,0.170723926
7/10/2027,Laptop,Electronics,North,3,1950,116.12,2027,October,Q4,0.059548718
8/10/2027,Camera,Electronics,South,6,5928,1177.2,2027,October,Q4,0.198582996
9/10/2027,Camera,Electronics,South,7,4809,1418.72,2027,October,Q4,0.295013516
10/10/2027,Smartphone,Electronics,West,4,356,23.4,2027,October,Q4,0.065730337
11/10/2027,Laptop,Electronics,South,2,570,94.39,2027,October,Q4,0.165596491
12/10/2027,Monitor,Accessories,East,7,7791,907.96,2027,October,Q4,0.116539597
13-10-2027,Smartwatch,Electronics,East,4,4168,494.48,2027,October,Q4,0.118637236
14-10-2027,Tablet,Electronics,North,2,684,183.85,2027,October,Q4,0.26878655
15-10-2027,Smartphone,Electronics,East,7,3857,447.99,2027,October,Q4,0.116149857
16-10-2027,Camera,Electronics,North,5,3250,699.99,2027,October,Q4,0.215381538
17-10-2027,Printer,Office,North,6,1194,79.62,2027,October,Q4,0.066683417
18-10-2027,Laptop,Electronics,West,6,3486,320.91,2027,October,Q4,0.092056799
19-10-2027,Monitor,Accessories,West,7,1554,370.97,2027,October,Q4,0.238719434
20-10-2027,Smartwatch,Electronics,North,3,2601,463.36,2027,October,Q4,0.178146867
21-10-2027,Headphones,Accessories,West,4,3616,745.75,2027,October,Q4,0.206236173
22-10-2027,Mouse,Accessories,West,5,3350,986.33,2027,October,Q4,0.294426866
23-10-2027,Smartwatch,Electronics,South,5,2545,588.47,2027,October,Q4,0.231225933
24-10-2027,Monitor,Accessories,East,1,545,68.28,2027,October,Q4,0.125284404
25-10-2027,Mouse,Accessories,North,7,1470,178.85,2027,October,Q4,0.121666667
26-10-2027,Camera,Electronics,South,3,3126,870.95,2027,October,Q4,0.278614843
27-10-2027,Laptop,Electronics,West,3,1368,302.29,2027,October,Q4,0.220972222
28-10-2027,Headphones,Accessories,East,9,7083,1353.39,2027,October,Q4,0.191075815
29-10-2027,Printer,Office,East,2,1994,453.74,2027,October,Q4,0.227552658
30-10-2027,Camera,Electronics,North,4,4716,1084.16,2027,October,Q4,0.229889737
31-10-2027,Monitor,Accessories,South,1,975,125.85,2027,October,Q4,0.129076923
1/11/2027,Smartphone,Electronics,West,9,9891,1774.03,2027,November,Q4,0.179358002
2/11/2027,Smartwatch,Electronics,South,2,626,159.49,2027,November,Q4,0.254776358
3/11/2027,Monitor,Accessories,East,8,5632,1620.04,2027,November,Q4,0.287649148
4/11/2027,Printer,Office,West,3,2568,734.6,2027,November,Q4,0.28605919
5/11/2027,Tablet,Electronics,East,7,5285,629.07,2027,November,Q4,0.119029328
6/11/2027,Camera,Electronics,East,2,516,122.77,2027,November,Q4,0.237926357
7/11/2027,Monitor,Accessories,East,3,2139,503.08,2027,November,Q4,0.235194016
8/11/2027,Laptop,Electronics,East,9,8136,1923.89,2027,November,Q4,0.236466323
9/11/2027,Laptop,Electronics,West,5,2130,318.99,2027,November,Q4,0.149760563
10/11/2027,Headphones,Accessories,South,5,3445,202.15,2027,November,Q4,0.058679245
11/11/2027,Tablet,Electronics,East,8,5376,429.84,2027,November,Q4,0.079955357
12/11/2027,Printer,Office,West,6,3006,730.14,2027,November,Q4,0.242894212
13-11-2027,Headphones,Accessories,North,7,3941,1113.85,2027,November,Q4,0.282631312
14-11-2027,Monitor,Accessories,North,5,3350,389.95,2027,November,Q4,0.116402985
15-11-2027,Printer,Office,South,3,2019,265.44,2027,November,Q4,0.131471025
16-11-2027,Headphones,Accessories,North,8,2416,403.38,2027,November,Q4,0.166961921
17-11-2027,Monitor,Accessories,West,8,6160,684.71,2027,November,Q4,0.111154221
18-11-2027,Printer,Office,East,4,2796,682.65,2027,November,Q4,0.244152361
19-11-2027,Smartwatch,Electronics,South,7,7700,1573.41,2027,November,Q4,0.204338961
20-11-2027,Smartwatch,Electronics,West,5,2095,193.93,2027,November,Q4,0.092568019
21-11-2027,Camera,Electronics,North,5,5990,1548.62,2027,November,Q4,0.258534224
22-11-2027,Smartwatch,Electronics,North,2,1206,307.02,2027,November,Q4,0.254577114
23-11-2027,Smartwatch,Electronics,South,5,1330,285.78,2027,November,Q4,0.21487218
24-11-2027,Camera,Electronics,West,6,2706,766.68,2027,November,Q4,0.283325942
25-11-2027,Laptop,Electronics,East,3,426,50.8,2027,November,Q4,0.119248826
26-11-2027,Tablet,Electronics,West,1,414,50.26,2027,November,Q4,0.121400966
27-11-2027,Laptop,Electronics,East,5,5465,546.33,2027,November,Q4,0.099968893
28-11-2027,Tablet,Electronics,South,3,726,71.06,2027,November,Q4,0.097878788
29-11-2027,Smartwatch,Electronics,East,1,1001,225.75,2027,November,Q4,0.225524476
30-11-2027,Mouse,Accessories,West,9,7362,1866.65,2027,November,Q4,0.253552024
1/12/2027,Keyboard,Accessories,East,4,2284,576.59,2027,December,Q4,0.252447461
2/12/2027,Tablet,Electronics,East,4,2940,566.36,2027,December,Q4,0.192639456
3/12/2027,Printer,Office,South,4,3068,868.89,2027,December,Q4,0.283210561
4/12/2027,Smartphone,Electronics,North,3,3477,862.21,2027,December,Q4,0.247975266
5/12/2027,Smartwatch,Electronics,West,9,4014,204.48,2027,December,Q4,0.050941704
6/12/2027,Monitor,Accessories,North,8,7200,804.53,2027,December,Q4,0.111740278
7/12/2027,Smartwatch,Electronics,West,3,735,134.53,2027,December,Q4,0.183034014
8/12/2027,Monitor,Accessories,East,3,2964,446.54,2027,December,Q4,0.150654521
9/12/2027,Camera,Electronics,West,9,3699,276.07,2027,December,Q4,0.074633685
10/12/2027,Printer,Office,West,3,1563,221.62,2027,December,Q4,0.141791427
11/12/2027,Mouse,Accessories,South,2,124,32.27,2027,December,Q4,0.260241935
12/12/2027,Mouse,Accessories,North,2,416,71.68,2027,December,Q4,0.172307692
13-12-2027,Camera,Electronics,South,8,2624,294.24,2027,December,Q4,0.112134146
14-12-2027,Headphones,Accessories,East,4,1636,134.85,2027,December,Q4,0.08242665
15-12-2027,Headphones,Accessories,East,8,8200,1978.93,2027,December,Q4,0.241332927
16-12-2027,Mouse,Accessories,East,5,5615,715.58,2027,December,Q4,0.127440784
17-12-2027,Printer,Office,East,5,3085,413.52,2027,December,Q4,0.134042139
18-12-2027,Keyboard,Accessories,South,6,3198,913.76,2027,December,Q4,0.28572858
19-12-2027,Camera,Electronics,West,4,1848,374.66,2027,December,Q4,0.202738095
20-12-2027,Smartwatch,Electronics,North,4,652,116.06,2027,December,Q4,0.178006135
21-12-2027,Mouse,Accessories,South,6,2940,609.99,2027,December,Q4,0.207479592
22-12-2027,Headphones,Accessories,East,4,3912,454.89,2027,December,Q4,0.116280675
23-12-2027,Tablet,Electronics,South,8,9392,891.07,2027,December,Q4,0.094875426
24-12-2027,Monitor,Accessories,West,1,312,43.01,2027,December,Q4,0.137852564
25-12-2027,Laptop,Electronics,East,9,7731,1459.74,2027,December,Q4,0.188816453
26-12-2027,Tablet,Electronics,West,1,1081,229.32,2027,December,Q4,0.21213691
27-12-2027,Smartphone,Electronics,West,6,1926,393.01,2027,December,Q4,0.204055036
28-12-2027,Monitor,Accessories,East,3,936,88.51,2027,December,Q4,0.094561966
29-12-2027,Laptop,Electronics,South,9,8550,1970.98,2027,December,Q4,0.230523977
30-12-2027,Monitor,Accessories,North,4,2468,457.51,2027,December,Q4,0.185376823
31-12-2027,Tablet,Electronics,West,3,801,90.34,2027,December,Q4,0.11278402
1/1/2028,Laptop,Electronics,East,9,2655,701.11,2028,January,Q1,0.264071563
2/1/2028,Smartwatch,Electronics,West,8,3928,700.38,2028,January,Q1,0.178304481
3/1/2028,Monitor,Accessories,East,8,6488,1438.34,2028,January,Q1,0.221692355
4/1/2028,Headphones,Accessories,West,9,7695,1749.26,2028,January,Q1,0.227324237
5/1/2028,Headphones,Accessories,West,2,1856,468.19,2028,January,Q1,0.252257543
6/1/2028,Smartwatch,Electronics,North,7,1519,403.63,2028,January,Q1,0.265720869
7/1/2028,Tablet,Electronics,West,3,3549,996.05,2028,January,Q1,0.280656523
8/1/2028,Laptop,Electronics,East,3,1656,378.84,2028,January,Q1,0.228768116
9/1/2028,Keyboard,Accessories,North,7,812,175.55,2028,January,Q1,0.216194581
10/1/2028,Mouse,Accessories,North,5,3730,864.41,2028,January,Q1,0.231745308
11/1/2028,Monitor,Accessories,South,1,1161,210.87,2028,January,Q1,0.181627907
12/1/2028,Headphones,Accessories,North,3,2256,282.52,2028,January,Q1,0.125230496
13-01-2028,Monitor,Accessories,East,1,359,78.17,2028,January,Q1,0.217743733
14-01-2028,Headphones,Accessories,East,2,130,11.1,2028,January,Q1,0.085384615
15-01-2028,Mouse,Accessories,South,8,4248,831.54,2028,January,Q1,0.195748588
16-01-2028,Camera,Electronics,South,5,1825,221.47,2028,January,Q1,0.121353425
17-01-2028,Keyboard,Accessories,East,2,876,224.01,2028,January,Q1,0.255719178
18-01-2028,Camera,Electronics,North,9,9180,2752.84,2028,January,Q1,0.299873638
19-01-2028,Monitor,Accessories,West,5,1765,160.89,2028,January,Q1,0.091155807
20-01-2028,Monitor,Accessories,South,2,1504,164.51,2028,January,Q1,0.109381649
21-01-2028,Keyboard,Accessories,South,9,1881,430.78,2028,January,Q1,0.229016481
22-01-2028,Keyboard,Accessories,East,9,7425,1533.72,2028,January,Q1,0.206561616
23-01-2028,Tablet,Electronics,East,9,720,192.83,2028,January,Q1,0.267819444
24-01-2028,Smartphone,Electronics,West,5,2985,698.22,2028,January,Q1,0.233909548
25-01-2028,Laptop,Electronics,North,9,711,200.11,2028,January,Q1,0.281448664
26-01-2028,Printer,Office,South,6,6276,1396.25,2028,January,Q1,0.222474506
27-01-2028,Mouse,Accessories,East,7,7966,955.8,2028,January,Q1,0.119984936
28-01-2028,Headphones,Accessories,East,8,4200,854.89,2028,January,Q1,0.203545238
29-01-2028,Laptop,Electronics,East,7,455,80,2028,January,Q1,0.175824176
30-01-2028,Keyboard,Accessories,South,8,5040,465.36,2028,January,Q1,0.092333333
31-01-2028,Mouse,Accessories,East,1,856,87.69,2028,January,Q1,0.102441589
1/2/2028,Monitor,Accessories,West,5,5230,385.77,2028,February,Q1,0.073760994
2/2/2028,Laptop,Electronics,South,5,4635,769.03,2028,February,Q1,0.165918015
3/2/2028,Laptop,Electronics,East,6,5508,360.28,2028,February,Q1,0.065410312
4/2/2028,Smartphone,Electronics,North,1,258,27.01,2028,February,Q1,0.104689922
5/2/2028,Smartphone,Electronics,East,1,677,88.41,2028,February,Q1,0.130590842
6/2/2028,Monitor,Accessories,West,5,4545,755.05,2028,February,Q1,0.166127613
7/2/2028,Smartphone,Electronics,South,5,4370,1255.36,2028,February,Q1,0.287267735
8/2/2028,Keyboard,Accessories,East,3,372,57.51,2028,February,Q1,0.154596774
9/2/2028,Camera,Electronics,West,9,3177,629.96,2028,February,Q1,0.198287693
10/2/2028,Printer,Office,South,7,1659,127.48,2028,February,Q1,0.076841471
11/2/2028,Tablet,Electronics,South,3,3360,759.31,2028,February,Q1,0.225985119
12/2/2028,Smartphone,Electronics,West,2,1132,290.56,2028,February,Q1,0.256678445
13-02-2028,Smartwatch,Electronics,East,5,1815,468.62,2028,February,Q1,0.258192837
14-02-2028,Mouse,Accessories,North,1,459,125.19,2028,February,Q1,0.272745098
15-02-2028,Smartphone,Electronics,West,1,1128,73.74,2028,February,Q1,0.06537234
16-02-2028,Monitor,Accessories,East,6,1170,104.63,2028,February,Q1,0.08942735
17-02-2028,Smartwatch,Electronics,North,5,4420,380.69,2028,February,Q1,0.086128959
18-02-2028,Smartphone,Electronics,West,6,456,69.15,2028,February,Q1,0.151644737
19-02-2028,Tablet,Electronics,North,2,1458,154.79,2028,February,Q1,0.106165981
20-02-2028,Monitor,Accessories,West,7,2989,197.58,2028,February,Q1,0.066102375
21-02-2028,Camera,Electronics,North,4,3424,845.68,2028,February,Q1,0.246985981
22-02-2028,Mouse,Accessories,West,2,1226,124.25,2028,February,Q1,0.10134584
23-02-2028,Laptop,Electronics,North,8,6760,1097.63,2028,February,Q1,0.162371302
24-02-2028,Smartphone,Electronics,West,1,111,13.61,2028,February,Q1,0.122612613
25-02-2028,Printer,Office,North,5,3275,222.29,2028,February,Q1,0.067874809
26-02-2028,Headphones,Accessories,North,3,2508,498.69,2028,February,Q1,0.198839713
27-02-2028,Keyboard,Accessories,South,8,904,202.35,2028,February,Q1,0.223838496
28-02-2028,Printer,Office,West,3,1506,427.84,2028,February,Q1,0.284090305
29-02-2028,Smartphone,Electronics,South,3,987,97.01,2028,February,Q1,0.098287741
1/3/2028,Smartphone,Electronics,East,7,2968,728.94,2028,March,Q1,0.24559973
2/3/2028,Mouse,Accessories,South,5,4200,746.86,2028,March,Q1,0.17782381
3/3/2028,Smartwatch,Electronics,North,5,1645,313.66,2028,March,Q1,0.190674772
4/3/2028,Printer,Office,East,3,3282,492.59,2028,March,Q1,0.150088361
5/3/2028,Headphones,Accessories,East,9,4914,1160.45,2028,March,Q1,0.236151811
6/3/2028,Laptop,Electronics,North,6,3924,762.96,2028,March,Q1,0.194434251
7/3/2028,Headphones,Accessories,South,6,420,65.62,2028,March,Q1,0.156238095
8/3/2028,Printer,Office,West,4,1544,106.02,2028,March,Q1,0.068665803
9/3/2028,Headphones,Accessories,East,2,2046,233.47,2028,March,Q1,0.114110459
10/3/2028,Headphones,Accessories,West,2,1548,157.48,2028,March,Q1,0.101731266
11/3/2028,Keyboard,Accessories,North,4,3184,478.27,2028,March,Q1,0.150210427
12/3/2028,Printer,Office,South,5,3385,774.86,2028,March,Q1,0.228909897
13-03-2028,Monitor,Accessories,North,1,59,10.32,2028,March,Q1,0.174915254
14-03-2028,Monitor,Accessories,South,8,5976,1016.99,2028,March,Q1,0.17017905
15-03-2028,Mouse,Accessories,West,3,1791,122.5,2028,March,Q1,0.068397543
16-03-2028,Smartwatch,Electronics,West,2,1644,189.32,2028,March,Q1,0.115158151
17-03-2028,Tablet,Electronics,West,8,6584,544.62,2028,March,Q1,0.082718712
18-03-2028,Headphones,Accessories,East,5,1620,325.87,2028,March,Q1,0.201154321
19-03-2028,Mouse,Accessories,West,9,2736,407.22,2028,March,Q1,0.148837719
20-03-2028,Monitor,Accessories,South,4,1064,274.47,2028,March,Q1,0.257960526
21-03-2028,Camera,Electronics,South,7,2667,363.5,2028,March,Q1,0.136295463
22-03-2028,Headphones,Accessories,South,3,735,217.79,2028,March,Q1,0.296312925
23-03-2028,Laptop,Electronics,East,1,58,11.25,2028,March,Q1,0.193965517
24-03-2028,Camera,Electronics,South,7,3136,850.3,2028,March,Q1,0.271141582
25-03-2028,Mouse,Accessories,East,4,3936,374.34,2028,March,Q1,0.095106707
26-03-2028,Smartphone,Electronics,East,9,6102,947.91,2028,March,Q1,0.155344149
27-03-2028,Smartphone,Electronics,North,8,9408,552.44,2028,March,Q1,0.058720238
28-03-2028,Mouse,Accessories,South,9,7875,1243.56,2028,March,Q1,0.157912381
29-03-2028,Keyboard,Accessories,North,9,9900,576.8,2028,March,Q1,0.058262626
30-03-2028,Keyboard,Accessories,North,2,430,114.91,2028,March,Q1,0.267232558
31-03-2028,Mouse,Accessories,South,3,813,238.1,2028,March,Q1,0.292865929
1/4/2028,Camera,Electronics,South,4,4176,980.11,2028,April,Q2,0.23470067
2/4/2028,Camera,Electronics,South,4,3084,348.38,2028,April,Q2,0.112963684
3/4/2028,Mouse,Accessories,West,7,8008,1593.65,2028,April,Q2,0.199007243
4/4/2028,Smartwatch,Electronics,South,4,4608,963.5,2028,April,Q2,0.209092882
5/4/2028,Headphones,Accessories,West,4,4356,614.62,2028,April,Q2,0.141097337
6/4/2028,Printer,Office,South,1,566,169.17,2028,April,Q2,0.298886926
7/4/2028,Laptop,Electronics,East,7,945,75.21,2028,April,Q2,0.079587302
8/4/2028,Smartwatch,Electronics,North,4,2200,484.33,2028,April,Q2,0.22015
9/4/2028,Mouse,Accessories,North,1,746,131.25,2028,April,Q2,0.175938338
10/4/2028,Monitor,Accessories,East,5,3505,678.18,2028,April,Q2,0.193489301
11/4/2028,Monitor,Accessories,East,5,4795,819.12,2028,April,Q2,0.170827946
12/4/2028,Monitor,Accessories,North,5,4590,650.05,2028,April,Q2,0.141623094
13-04-2028,Monitor,Accessories,North,4,2092,467.02,2028,April,Q2,0.223240918
14-04-2028,Mouse,Accessories,South,8,3568,334.13,2028,April,Q2,0.0936463
15-04-2028,Smartphone,Electronics,West,9,10404,2028.21,2028,April,Q2,0.194945213
16-04-2028,Printer,Office,South,9,7029,1005.58,2028,April,Q2,0.143061602
17-04-2028,Laptop,Electronics,West,8,664,126.6,2028,April,Q2,0.190662651
18-04-2028,Tablet,Electronics,West,3,1923,274,2028,April,Q2,0.142485699
19-04-2028,Printer,Office,West,7,2471,566.51,2028,April,Q2,0.229263456
20-04-2028,Smartphone,Electronics,North,2,258,64.12,2028,April,Q2,0.248527132
21-04-2028,Smartwatch,Electronics,East,9,1134,267.26,2028,April,Q2,0.235679012
22-04-2028,Headphones,Accessories,East,5,855,238.83,2028,April,Q2,0.279333333
23-04-2028,Smartwatch,Electronics,West,9,3231,670.85,2028,April,Q2,0.207629217
24-04-2028,Tablet,Electronics,South,7,3591,266.59,2028,April,Q2,0.074238374
25-04-2028,Camera,Electronics,East,2,254,20.48,2028,April,Q2,0.080629921
26-04-2028,Smartphone,Electronics,South,5,5930,1193.32,2028,April,Q2,0.201234401
27-04-2028,Headphones,Accessories,West,2,1344,297.99,2028,April,Q2,0.22171875
28-04-2028,Laptop,Electronics,East,1,920,98.31,2028,April,Q2,0.106858696
29-04-2028,Printer,Office,North,9,5454,385.51,2028,April,Q2,0.070683902
30-04-2028,Laptop,Electronics,West,8,9512,663.23,2028,April,Q2,0.06972561
1/5/2028,Mouse,Accessories,North,4,2972,827.46,2028,May,Q2,0.278418573
2/5/2028,Smartwatch,Electronics,West,3,3360,465.02,2028,May,Q2,0.13839881
3/5/2028,Tablet,Electronics,West,4,1004,240.13,2028,May,Q2,0.239173307
4/5/2028,Headphones,Accessories,West,2,1944,332.55,2028,May,Q2,0.171064815
5/5/2028,Monitor,Accessories,East,5,5055,1200.09,2028,May,Q2,0.237406528
6/5/2028,Smartwatch,Electronics,West,2,128,8.33,2028,May,Q2,0.065078125
7/5/2028,Smartphone,Electronics,East,3,633,163.03,2028,May,Q2,0.257551343
8/5/2028,Printer,Office,South,3,2523,506.7,2028,May,Q2,0.200832342
9/5/2028,Printer,Office,West,1,196,39.6,2028,May,Q2,0.202040816
10/5/2028,Printer,Office,East,9,4212,552.96,2028,May,Q2,0.131282051
11/5/2028,Monitor,Accessories,North,1,63,17.29,2028,May,Q2,0.274444444
12/5/2028,Mouse,Accessories,South,8,2752,394.66,2028,May,Q2,0.14340843
13-05-2028,Mouse,Accessories,West,3,1989,419.61,2028,May,Q2,0.210965309
14-05-2028,Laptop,Electronics,East,8,8032,466.19,2028,May,Q2,0.058041584
15-05-2028,Tablet,Electronics,South,6,3702,407.34,2028,May,Q2,0.110032415
16-05-2028,Smartwatch,Electronics,East,8,456,90.24,2028,May,Q2,0.197894737
17-05-2028,Camera,Electronics,West,7,5355,1143.16,2028,May,Q2,0.213475257
18-05-2028,Camera,Electronics,West,1,972,261.91,2028,May,Q2,0.269454733
19-05-2028,Headphones,Accessories,South,5,3290,797.82,2028,May,Q2,0.24249848
20-05-2028,Laptop,Electronics,East,1,735,139.31,2028,May,Q2,0.189537415
21-05-2028,Tablet,Electronics,North,3,3336,798.26,2028,May,Q2,0.239286571
22-05-2028,Keyboard,Accessories,West,3,2082,346.53,2028,May,Q2,0.166440922
23-05-2028,Keyboard,Accessories,East,2,1340,129.89,2028,May,Q2,0.096932836
24-05-2028,Laptop,Electronics,East,5,1160,227.13,2028,May,Q2,0.195801724
25-05-2028,Monitor,Accessories,East,4,1272,299.84,2028,May,Q2,0.23572327
26-05-2028,Printer,Office,West,3,2817,588.47,2028,May,Q2,0.208899539
27-05-2028,Monitor,Accessories,East,3,1464,264.67,2028,May,Q2,0.180785519
28-05-2028,Headphones,Accessories,West,1,307,60.51,2028,May,Q2,0.197100977
29-05-2028,Tablet,Electronics,West,6,5706,1306.92,2028,May,Q2,0.229043113
30-05-2028,Headphones,Accessories,North,1,1112,100.47,2028,May,Q2,0.090350719
31-05-2028,Keyboard,Accessories,West,1,1147,133.48,2028,May,Q2,0.116373147
1/6/2028,Laptop,Electronics,North,2,330,66.57,2028,June,Q2,0.201727273
2/6/2028,Monitor,Accessories,North,4,2176,250.89,2028,June,Q2,0.115298713
3/6/2028,Headphones,Accessories,South,7,7616,1317.79,2028,June,Q2,0.173029149
4/6/2028,Printer,Office,North,1,1091,258.3,2028,June,Q2,0.23675527
5/6/2028,Tablet,Electronics,East,2,1026,279.76,2028,June,Q2,0.272670565
6/6/2028,Tablet,Electronics,West,2,210,42.04,2028,June,Q2,0.200190476
7/6/2028,Printer,Office,North,2,180,10.78,2028,June,Q2,0.059888889
8/6/2028,Tablet,Electronics,North,4,380,72.88,2028,June,Q2,0.191789474
9/6/2028,Monitor,Accessories,West,8,7664,1580.55,2028,June,Q2,0.206230428
10/6/2028,Smartphone,Electronics,East,8,6056,1029.9,2028,June,Q2,0.170062748
11/6/2028,Mouse,Accessories,North,6,606,104.52,2028,June,Q2,0.172475248
12/6/2028,Monitor,Accessories,North,3,750,193.86,2028,June,Q2,0.25848
13-06-2028,Printer,Office,East,2,1218,218.88,2028,June,Q2,0.179704433
14-06-2028,Laptop,Electronics,West,2,2162,355.45,2028,June,Q2,0.164407956
15-06-2028,Headphones,Accessories,East,9,2223,347.01,2028,June,Q2,0.156099865
16-06-2028,Smartphone,Electronics,West,7,4452,920.05,2028,June,Q2,0.206659928
17-06-2028,Printer,Office,West,1,184,50.19,2028,June,Q2,0.272771739
18-06-2028,Headphones,Accessories,North,3,288,77.38,2028,June,Q2,0.268680556
19-06-2028,Camera,Electronics,West,2,834,150.12,2028,June,Q2,0.18
20-06-2028,Keyboard,Accessories,East,5,4025,923.17,2028,June,Q2,0.229359006
21-06-2028,Headphones,Accessories,West,7,4732,1084.28,2028,June,Q2,0.229137785
22-06-2028,Headphones,Accessories,West,5,4025,407.72,2028,June,Q2,0.101296894
23-06-2028,Printer,Office,South,8,2416,500.93,2028,June,Q2,0.207338576
24-06-2028,Tablet,Electronics,North,7,1897,524.69,2028,June,Q2,0.276589352
25-06-2028,Mouse,Accessories,East,4,840,190.13,2028,June,Q2,0.226345238
26-06-2028,Mouse,Accessories,North,8,6600,360.45,2028,June,Q2,0.054613636
27-06-2028,Laptop,Electronics,West,2,2362,342.27,2028,June,Q2,0.144906859
28-06-2028,Headphones,Accessories,South,6,2958,577.27,2028,June,Q2,0.19515551
29-06-2028,Tablet,Electronics,East,1,477,56.49,2028,June,Q2,0.118427673
30-06-2028,Keyboard,Accessories,North,3,942,84.8,2028,June,Q2,0.090021231
1/7/2028,Camera,Electronics,East,2,2084,586.72,2028,July,Q3,0.281535509
2/7/2028,Tablet,Electronics,West,6,4584,473.37,2028,July,Q3,0.103265707
3/7/2028,Printer,Office,East,1,1118,319.28,2028,July,Q3,0.285581395
4/7/2028,Mouse,Accessories,North,9,4005,652.15,2028,July,Q3,0.162833958
5/7/2028,Smartwatch,Electronics,East,5,4610,1293.37,2028,July,Q3,0.280557484
6/7/2028,Keyboard,Accessories,South,1,551,86.84,2028,July,Q3,0.157604356
7/7/2028,Printer,Office,West,1,75,19.29,2028,July,Q3,0.2572
8/7/2028,Mouse,Accessories,South,6,6576,1899.67,2028,July,Q3,0.288879258
9/7/2028,Printer,Office,North,6,6432,1410.52,2028,July,Q3,0.219297264
10/7/2028,Headphones,Accessories,South,7,7763,1444.27,2028,July,Q3,0.186045343
11/7/2028,Monitor,Accessories,East,7,2240,622.29,2028,July,Q3,0.277808036
12/7/2028,Headphones,Accessories,East,6,5298,1209.88,2028,July,Q3,0.228365421
13-07-2028,Smartwatch,Electronics,North,2,116,32.27,2028,July,Q3,0.278189655
14-07-2028,Tablet,Electronics,East,8,6728,1140.19,2028,July,Q3,0.169469382
15-07-2028,Monitor,Accessories,North,5,490,55.59,2028,July,Q3,0.11344898
16-07-2028,Monitor,Accessories,North,7,2765,699.86,2028,July,Q3,0.253113924
17-07-2028,Smartphone,Electronics,West,8,2680,598.97,2028,July,Q3,0.223496269
18-07-2028,Camera,Electronics,East,2,2174,335.37,2028,July,Q3,0.154264029
19-07-2028,Monitor,Accessories,North,9,5562,1258.12,2028,July,Q3,0.226199209
20-07-2028,Smartphone,Electronics,East,8,9208,2595.33,2028,July,Q3,0.281855995
21-07-2028,Smartphone,Electronics,West,4,4512,546.71,2028,July,Q3,0.121167996
22-07-2028,Camera,Electronics,West,9,7974,1965.96,2028,July,Q3,0.246546275
23-07-2028,Monitor,Accessories,East,6,4944,1335.04,2028,July,Q3,0.270032362
24-07-2028,Printer,Office,South,3,1611,234.84,2028,July,Q3,0.145772812
25-07-2028,Smartwatch,Electronics,West,9,4599,618.89,2028,July,Q3,0.134570559
26-07-2028,Laptop,Electronics,East,6,4380,419.3,2028,July,Q3,0.095730594
27-07-2028,Headphones,Accessories,South,2,2376,580.26,2028,July,Q3,0.244217172
28-07-2028,Monitor,Accessories,South,9,6588,1800.9,2028,July,Q3,0.273360656
29-07-2028,Mouse,Accessories,East,5,3745,720.08,2028,July,Q3,0.192277704
30-07-2028,Camera,Electronics,North,5,5305,1389.25,2028,July,Q3,0.261875589
31-07-2028,Tablet,Electronics,North,8,1608,332.12,2028,July,Q3,0.206542289
1/8/2028,Monitor,Accessories,East,9,4977,745.81,2028,August,Q3,0.149851316
2/8/2028,Smartphone,Electronics,East,7,4529,273.97,2028,August,Q3,0.060492382
3/8/2028,Camera,Electronics,West,7,4690,319.42,2028,August,Q3,0.06810661
4/8/2028,Keyboard,Accessories,East,4,2424,544.07,2028,August,Q3,0.22445132
5/8/2028,Keyboard,Accessories,North,6,3594,610.77,2028,August,Q3,0.169941569
6/8/2028,Keyboard,Accessories,North,7,3962,491.9,2028,August,Q3,0.124154467
7/8/2028,Camera,Electronics,East,2,944,149.38,2028,August,Q3,0.158241525
8/8/2028,Smartwatch,Electronics,West,6,6792,1787.97,2028,August,Q3,0.263246466
9/8/2028,Tablet,Electronics,North,7,6804,1383.81,2028,August,Q3,0.203381834
10/8/2028,Camera,Electronics,South,6,816,98.75,2028,August,Q3,0.121017157
11/8/2028,Monitor,Accessories,North,6,5916,544.59,2028,August,Q3,0.092053753
12/8/2028,Mouse,Accessories,South,5,5730,310.58,2028,August,Q3,0.054202443
13-08-2028,Headphones,Accessories,East,7,8288,785.54,2028,August,Q3,0.094780405
14-08-2028,Headphones,Accessories,South,2,2046,394.93,2028,August,Q3,0.193025415
15-08-2028,Tablet,Electronics,East,9,5031,1149.48,2028,August,Q3,0.228479428
16-08-2028,Keyboard,Accessories,South,9,1764,417.95,2028,August,Q3,0.236933107
17-08-2028,Laptop,Electronics,South,8,1880,486.88,2028,August,Q3,0.258978723
18-08-2028,Smartwatch,Electronics,West,2,200,10.45,2028,August,Q3,0.05225
19-08-2028,Mouse,Accessories,East,3,2688,476.77,2028,August,Q3,0.177369792
20-08-2028,Laptop,Electronics,West,4,3216,213.81,2028,August,Q3,0.066483209
21-08-2028,Camera,Electronics,East,8,8440,1504.18,2028,August,Q3,0.178220379
22-08-2028,Tablet,Electronics,East,7,1582,208.42,2028,August,Q3,0.131744627
23-08-2028,Laptop,Electronics,North,1,58,10.79,2028,August,Q3,0.186034483
24-08-2028,Smartwatch,Electronics,West,8,608,163.18,2028,August,Q3,0.268388158
25-08-2028,Smartphone,Electronics,North,3,183,41.82,2028,August,Q3,0.22852459
26-08-2028,Monitor,Accessories,West,5,3105,744.26,2028,August,Q3,0.239697262
27-08-2028,Monitor,Accessories,North,5,2450,485.18,2028,August,Q3,0.198032653
28-08-2028,Laptop,Electronics,North,3,3024,622.29,2028,August,Q3,0.20578373
29-08-2028,Printer,Office,East,4,3856,747.79,2028,August,Q3,0.193928942
30-08-2028,Keyboard,Accessories,West,7,532,121.03,2028,August,Q3,0.2275
31-08-2028,Smartphone,Electronics,South,4,3152,307.62,2028,August,Q3,0.097595178
1/9/2028,Monitor,Accessories,East,9,8586,1555.82,2028,September,Q3,0.181204286
2/9/2028,Monitor,Accessories,South,2,1046,273.38,2028,September,Q3,0.261357553
3/9/2028,Tablet,Electronics,West,4,3452,560.31,2028,September,Q3,0.1623146
4/9/2028,Monitor,Accessories,West,4,2368,361.02,2028,September,Q3,0.15245777
5/9/2028,Camera,Electronics,South,2,1924,422.25,2028,September,Q3,0.219464657
6/9/2028,Laptop,Electronics,West,5,4580,1148.06,2028,September,Q3,0.250668122
7/9/2028,Headphones,Accessories,East,5,3735,423.94,2028,September,Q3,0.113504685
8/9/2028,Monitor,Accessories,North,4,2476,417.16,2028,September,Q3,0.168481422
9/9/2028,Laptop,Electronics,South,2,162,16.51,2028,September,Q3,0.10191358
10/9/2028,Printer,Office,West,3,258,38.03,2028,September,Q3,0.147403101
11/9/2028,Keyboard,Accessories,East,4,3524,998.29,2028,September,Q3,0.283283201
12/9/2028,Smartwatch,Electronics,South,8,6184,1796.9,2028,September,Q3,0.290572445
13-09-2028,Monitor,Accessories,West,6,3750,645.69,2028,September,Q3,0.172184
14-09-2028,Mouse,Accessories,South,5,1465,424.64,2028,September,Q3,0.289856655
15-09-2028,Camera,Electronics,North,4,4480,412.05,2028,September,Q3,0.091975446
16-09-2028,Laptop,Electronics,North,8,1544,281.22,2028,September,Q3,0.182137306
17-09-2028,Headphones,Accessories,North,9,7974,1181.04,2028,September,Q3,0.148111362
18-09-2028,Printer,Office,East,5,5920,1679.15,2028,September,Q3,0.283640203
19-09-2028,Smartwatch,Electronics,South,8,8792,2045.54,2028,September,Q3,0.232659236
20-09-2028,Smartwatch,Electronics,East,1,294,52.37,2028,September,Q3,0.178129252
21-09-2028,Camera,Electronics,East,7,1169,264.37,2028,September,Q3,0.226150556
22-09-2028,Camera,Electronics,West,8,9232,880.52,2028,September,Q3,0.09537695
23-09-2028,Headphones,Accessories,South,4,1396,135.48,2028,September,Q3,0.097048711
24-09-2028,Camera,Electronics,North,9,10188,1408.18,2028,September,Q3,0.138219474
25-09-2028,Monitor,Accessories,West,2,222,23.65,2028,September,Q3,0.106531532
26-09-2028,Monitor,Accessories,West,2,1328,358.07,2028,September,Q3,0.269631024
27-09-2028,Printer,Office,East,9,5085,488.63,2028,September,Q3,0.096092429
28-09-2028,Mouse,Accessories,West,3,1245,229.73,2028,September,Q3,0.184522088
29-09-2028,Tablet,Electronics,South,2,960,124.02,2028,September,Q3,0.1291875
30-09-2028,Smartphone,Electronics,West,9,5553,329.79,2028,September,Q3,0.059389519
1/10/2028,Keyboard,Accessories,North,2,1790,236.76,2028,October,Q4,0.132268156
2/10/2028,Keyboard,Accessories,West,8,2712,247.84,2028,October,Q4,0.091386431
3/10/2028,Laptop,Electronics,North,1,632,89.14,2028,October,Q4,0.141044304
4/10/2028,Headphones,Accessories,South,8,4904,520.74,2028,October,Q4,0.106186786
5/10/2028,Keyboard,Accessories,South,1,361,58.8,2028,October,Q4,0.162880886
6/10/2028,Printer,Office,West,9,7290,841.07,2028,October,Q4,0.115373114
7/10/2028,Smartwatch,Electronics,South,4,2052,181.64,2028,October,Q4,0.088518519
8/10/2028,Mouse,Accessories,North,3,1842,112.85,2028,October,Q4,0.061264929
9/10/2028,Mouse,Accessories,North,9,10593,2488.69,2028,October,Q4,0.234937223
10/10/2028,Camera,Electronics,South,6,1218,129.36,2028,October,Q4,0.106206897
11/10/2028,Mouse,Accessories,South,5,4240,426.41,2028,October,Q4,0.100568396
12/10/2028,Keyboard,Accessories,East,2,226,38.52,2028,October,Q4,0.170442478
13-10-2028,Camera,Electronics,East,6,5154,1072.8,2028,October,Q4,0.20814901
14-10-2028,Mouse,Accessories,North,6,1236,304.88,2028,October,Q4,0.246666667
15-10-2028,Tablet,Electronics,South,1,1179,159.42,2028,October,Q4,0.135216285
16-10-2028,Printer,Office,West,5,2275,313.5,2028,October,Q4,0.137802198
17-10-2028,Smartwatch,Electronics,North,7,6188,1231.3,2028,October,Q4,0.1989819
18-10-2028,Headphones,Accessories,West,3,2946,666.99,2028,October,Q4,0.226405295
19-10-2028,Headphones,Accessories,South,5,5085,1172.12,2028,October,Q4,0.230505408
20-10-2028,Keyboard,Accessories,North,2,712,205.53,2028,October,Q4,0.28866573
21-10-2028,Smartwatch,Electronics,East,6,648,62.25,2028,October,Q4,0.096064815
22-10-2028,Mouse,Accessories,North,5,2735,483.2,2028,October,Q4,0.176672761
23-10-2028,Printer,Office,North,6,2910,173.45,2028,October,Q4,0.059604811
24-10-2028,Smartwatch,Electronics,South,1,263,69.39,2028,October,Q4,0.263840304
25-10-2028,Smartphone,Electronics,North,2,876,66.68,2028,October,Q4,0.076118721
26-10-2028,Mouse,Accessories,West,1,913,162.24,2028,October,Q4,0.17769989
27-10-2028,Laptop,Electronics,South,9,594,93.92,2028,October,Q4,0.158114478
28-10-2028,Headphones,Accessories,South,2,956,202.14,2028,October,Q4,0.211443515
29-10-2028,Laptop,Electronics,East,7,7301,2026.43,2028,October,Q4,0.277555129
30-10-2028,Headphones,Accessories,South,6,5754,1628.61,2028,October,Q4,0.283039625
31-10-2028,Headphones,Accessories,East,4,1372,274.47,2028,October,Q4,0.20005102
1/11/2028,Headphones,Accessories,North,8,920,214.27,2028,November,Q4,0.232902174
2/11/2028,Smartphone,Electronics,North,3,885,150.79,2028,November,Q4,0.170384181
3/11/2028,Camera,Electronics,North,1,379,39.41,2028,November,Q4,0.103984169
4/11/2028,Headphones,Accessories,West,8,1024,201.92,2028,November,Q4,0.1971875
5/11/2028,Keyboard,Accessories,West,4,4312,388.48,2028,November,Q4,0.090092764
6/11/2028,Mouse,Accessories,East,5,5030,540.73,2028,November,Q4,0.107500994
7/11/2028,Smartphone,Electronics,West,2,1438,315.83,2028,November,Q4,0.219631433
8/11/2028,Keyboard,Accessories,South,1,419,108.36,2028,November,Q4,0.258615752
9/11/2028,Headphones,Accessories,East,3,3519,935.72,2028,November,Q4,0.265905087
10/11/2028,Tablet,Electronics,East,8,2912,451.97,2028,November,Q4,0.155209478
11/11/2028,Smartphone,Electronics,North,5,4005,226.09,2028,November,Q4,0.056451935
12/11/2028,Smartwatch,Electronics,South,5,2075,271.71,2028,November,Q4,0.130944578
13-11-2028,Laptop,Electronics,South,2,120,7.74,2028,November,Q4,0.0645
14-11-2028,Camera,Electronics,North,4,564,32.8,2028,November,Q4,0.058156028
15-11-2028,Smartwatch,Electronics,East,2,486,62.58,2028,November,Q4,0.128765432
16-11-2028,Smartwatch,Electronics,East,2,1488,342.87,2028,November,Q4,0.230423387
17-11-2028,Laptop,Electronics,West,6,3096,277.68,2028,November,Q4,0.089689922
18-11-2028,Smartwatch,Electronics,West,8,6488,1845.07,2028,November,Q4,0.284381936
19-11-2028,Smartwatch,Electronics,West,4,4284,848.44,2028,November,Q4,0.198048553
20-11-2028,Smartwatch,Electronics,North,8,1864,110.81,2028,November,Q4,0.059447425
21-11-2028,Camera,Electronics,West,5,4435,954.12,2028,November,Q4,0.21513416
22-11-2028,Camera,Electronics,East,4,3296,460.98,2028,November,Q4,0.139860437
23-11-2028,Mouse,Accessories,East,3,780,217.92,2028,November,Q4,0.279384615
24-11-2028,Smartwatch,Electronics,East,7,4396,962.61,2028,November,Q4,0.218974067
25-11-2028,Keyboard,Accessories,South,6,1362,202.68,2028,November,Q4,0.148810573
26-11-2028,Mouse,Accessories,East,7,3843,378.03,2028,November,Q4,0.098368462
27-11-2028,Printer,Office,East,2,2080,450.24,2028,November,Q4,0.216461538
28-11-2028,Mouse,Accessories,South,5,1210,201.45,2028,November,Q4,0.166487603
29-11-2028,Printer,Office,West,3,2316,356.5,2028,November,Q4,0.153929188
30-11-2028,Monitor,Accessories,West,6,3366,614.22,2028,November,Q4,0.182477718
1/12/2028,Tablet,Electronics,West,9,6507,1075.51,2028,December,Q4,0.165285078
2/12/2028,Mouse,Accessories,South,1,384,35.36,2028,December,Q4,0.092083333
3/12/2028,Laptop,Electronics,South,5,3625,563.95,2028,December,Q4,0.155572414
4/12/2028,Tablet,Electronics,South,1,400,45.16,2028,December,Q4,0.1129
5/12/2028,Monitor,Accessories,North,5,2880,209.58,2028,December,Q4,0.072770833
6/12/2028,Printer,Office,West,6,1608,302.32,2028,December,Q4,0.18800995
7/12/2028,Headphones,Accessories,South,2,1574,196.84,2028,December,Q4,0.125057179
8/12/2028,Keyboard,Accessories,East,3,2478,584.37,2028,December,Q4,0.235823245
9/12/2028,Headphones,Accessories,East,8,8872,1486.58,2028,December,Q4,0.167558611
10/12/2028,Printer,Office,East,8,2320,668.63,2028,December,Q4,0.288202586
11/12/2028,Headphones,Accessories,West,3,171,9.02,2028,December,Q4,0.052748538
12/12/2028,Keyboard,Accessories,South,8,4536,627.13,2028,December,Q4,0.138256173
13-12-2028,Headphones,Accessories,South,3,1308,73.28,2028,December,Q4,0.056024465
14-12-2028,Laptop,Electronics,North,4,4048,641.23,2028,December,Q4,0.158406621
15-12-2028,Tablet,Electronics,East,9,4041,963.58,2028,December,Q4,0.238450878
16-12-2028,Headphones,Accessories,South,5,5665,332.46,2028,December,Q4,0.058686673
17-12-2028,Mouse,Accessories,South,6,6876,1029.92,2028,December,Q4,0.149784759
18-12-2028,Monitor,Accessories,South,1,617,145.37,2028,December,Q4,0.23560778
19-12-2028,Monitor,Accessories,South,6,1440,130.4,2028,December,Q4,0.090555556
20-12-2028,Smartwatch,Electronics,East,8,472,116.36,2028,December,Q4,0.246525424
21-12-2028,Laptop,Electronics,North,5,5640,1227.77,2028,December,Q4,0.217689716
22-12-2028,Headphones,Accessories,West,6,2640,668.12,2028,December,Q4,0.253075758
23-12-2028,Smartphone,Electronics,South,3,768,72.67,2028,December,Q4,0.094622396
24-12-2028,Keyboard,Accessories,South,1,725,81.96,2028,December,Q4,0.113048276
25-12-2028,Headphones,Accessories,North,8,1080,210.69,2028,December,Q4,0.195083333
26-12-2028,Headphones,Accessories,South,1,393,40.34,2028,December,Q4,0.10264631
27-12-2028,Smartwatch,Electronics,North,4,1264,371.92,2028,December,Q4,0.294240506
28-12-2028,Headphones,Accessories,South,9,4797,1193.95,2028,December,Q4,0.248895143
29-12-2028,Tablet,Electronics,East,8,2080,151.14,2028,December,Q4,0.072663462
30-12-2028,Camera,Electronics,West,4,3812,312.8,2028,December,Q4,0.082056663
31-12-2028,Mouse,Accessories,West,5,3695,463.57,2028,December,Q4,0.125458728
1/1/2029,Mouse,Accessories,South,1,1159,344.22,2029,January,Q1,0.296997412
2/1/2029,Tablet,Electronics,West,9,4149,605.52,2029,January,Q1,0.145943601
3/1/2029,Keyboard,Accessories,East,2,1446,171.73,2029,January,Q1,0.118762102
4/1/2029,Laptop,Electronics,South,1,225,48.82,2029,January,Q1,0.216977778
5/1/2029,Headphones,Accessories,South,1,355,26.8,2029,January,Q1,0.075492958
6/1/2029,Tablet,Electronics,West,7,3164,166.4,2029,January,Q1,0.052591656
7/1/2029,Smartwatch,Electronics,East,1,498,38.67,2029,January,Q1,0.077650602
8/1/2029,Headphones,Accessories,South,5,1315,217.79,2029,January,Q1,0.165619772
9/1/2029,Headphones,Accessories,North,5,2805,438.89,2029,January,Q1,0.156467023
10/1/2029,Monitor,Accessories,East,5,5180,726.62,2029,January,Q1,0.140274131
11/1/2029,Camera,Electronics,North,5,4045,203.35,2029,January,Q1,0.050271941
12/1/2029,Laptop,Electronics,North,9,8793,2262.43,2029,January,Q1,0.257298988
13-01-2029,Headphones,Accessories,South,8,2592,526.38,2029,January,Q1,0.203078704
14-01-2029,Keyboard,Accessories,East,7,7819,1708.84,2029,January,Q1,0.218549687
15-01-2029,Smartwatch,Electronics,North,7,2919,325.35,2029,January,Q1,0.111459404
16-01-2029,Printer,Office,South,3,768,85.37,2029,January,Q1,0.111158854
17-01-2029,Smartphone,Electronics,West,2,1736,388.09,2029,January,Q1,0.223554147
18-01-2029,Smartwatch,Electronics,South,7,6293,389.22,2029,January,Q1,0.061849674
19-01-2029,Headphones,Accessories,South,6,3684,477.02,2029,January,Q1,0.129484256
20-01-2029,Printer,Office,South,9,8370,1064.65,2029,January,Q1,0.127198327
21-01-2029,Keyboard,Accessories,South,4,3788,875.54,2029,January,Q1,0.231135164
22-01-2029,Laptop,Electronics,West,8,8296,1884.18,2029,January,Q1,0.227119094
23-01-2029,Tablet,Electronics,West,5,325,21.01,2029,January,Q1,0.064646154
24-01-2029,Camera,Electronics,North,2,2216,444.36,2029,January,Q1,0.200523466
25-01-2029,Laptop,Electronics,North,8,7064,1873.02,2029,January,Q1,0.265150057
26-01-2029,Mouse,Accessories,East,9,2538,575.41,2029,January,Q1,0.226717888
27-01-2029,Headphones,Accessories,North,1,1151,77.22,2029,January,Q1,0.067089487
28-01-2029,Keyboard,Accessories,East,1,717,137.27,2029,January,Q1,0.191450488
29-01-2029,Smartwatch,Electronics,East,8,3048,444.3,2029,January,Q1,0.145767717
30-01-2029,Keyboard,Accessories,South,3,2070,163.23,2029,January,Q1,0.078855072
31-01-2029,Camera,Electronics,East,5,3630,537.93,2029,January,Q1,0.148190083
1/2/2029,Tablet,Electronics,East,7,896,219.98,2029,February,Q1,0.245513393
2/2/2029,Tablet,Electronics,East,7,1981,311.44,2029,February,Q1,0.157213529
3/2/2029,Headphones,Accessories,West,6,7140,605.22,2029,February,Q1,0.084764706
4/2/2029,Monitor,Accessories,North,5,1015,85.06,2029,February,Q1,0.083802956
5/2/2029,Headphones,Accessories,North,4,524,52.31,2029,February,Q1,0.099828244
6/2/2029,Smartwatch,Electronics,North,2,1678,372.78,2029,February,Q1,0.22215733
7/2/2029,Tablet,Electronics,South,4,3260,969.76,2029,February,Q1,0.297472393
8/2/2029,Headphones,Accessories,South,5,720,214.31,2029,February,Q1,0.297652778
9/2/2029,Printer,Office,West,4,1792,417.99,2029,February,Q1,0.233253348
10/2/2029,Tablet,Electronics,South,9,3096,505.08,2029,February,Q1,0.163139535
11/2/2029,Keyboard,Accessories,South,5,1400,273.39,2029,February,Q1,0.195278571
12/2/2029,Smartwatch,Electronics,North,4,508,37.94,2029,February,Q1,0.074685039
13-02-2029,Tablet,Electronics,East,7,2646,380.83,2029,February,Q1,0.143926682
14-02-2029,Mouse,Accessories,East,1,357,79.86,2029,February,Q1,0.223697479
15-02-2029,Tablet,Electronics,North,1,373,53.15,2029,February,Q1,0.142493298
16-02-2029,Smartphone,Electronics,East,1,266,55.52,2029,February,Q1,0.208721805
17-02-2029,Smartphone,Electronics,North,4,344,25.7,2029,February,Q1,0.074709302
18-02-2029,Smartphone,Electronics,North,7,1806,308.92,2029,February,Q1,0.171052049
19-02-2029,Printer,Office,North,9,7281,396.28,2029,February,Q1,0.05442659
20-02-2029,Smartwatch,Electronics,West,7,3094,463.72,2029,February,Q1,0.149877182
21-02-2029,Keyboard,Accessories,East,2,252,67.37,2029,February,Q1,0.26734127
22-02-2029,Camera,Electronics,East,9,2691,761.16,2029,February,Q1,0.282853958
23-02-2029,Printer,Office,West,6,990,102.83,2029,February,Q1,0.103868687
24-02-2029,Smartwatch,Electronics,South,4,3236,655.18,2029,February,Q1,0.202466007
25-02-2029,Laptop,Electronics,East,4,1076,124.56,2029,February,Q1,0.115762082
26-02-2029,Tablet,Electronics,North,4,1428,160.54,2029,February,Q1,0.112422969
27-02-2029,Keyboard,Accessories,East,5,1000,292.04,2029,February,Q1,0.29204
28-02-2029,Smartwatch,Electronics,South,9,3429,998.82,2029,February,Q1,0.291286089
1/3/2029,Monitor,Accessories,West,5,4730,1416.1,2029,March,Q1,0.299386892
2/3/2029,Monitor,Accessories,South,6,6630,512.6,2029,March,Q1,0.077315234
3/3/2029,Camera,Electronics,South,7,2296,138.93,2029,March,Q1,0.060509582
4/3/2029,Monitor,Accessories,East,7,7420,1107.31,2029,March,Q1,0.149233154
5/3/2029,Printer,Office,South,7,2338,531.5,2029,March,Q1,0.227331052
6/3/2029,Keyboard,Accessories,South,7,4039,420.29,2029,March,Q1,0.104057935
7/3/2029,Laptop,Electronics,East,2,990,76.87,2029,March,Q1,0.077646465
8/3/2029,Laptop,Electronics,West,1,733,54.11,2029,March,Q1,0.073819918
9/3/2029,Smartphone,Electronics,East,3,2421,334.61,2029,March,Q1,0.138211483
10/3/2029,Keyboard,Accessories,East,8,832,214.81,2029,March,Q1,0.258185096
11/3/2029,Smartwatch,Electronics,East,1,483,98.15,2029,March,Q1,0.20320911
12/3/2029,Keyboard,Accessories,North,6,2508,480.48,2029,March,Q1,0.191578947
13-03-2029,Keyboard,Accessories,North,7,4032,426.13,2029,March,Q1,0.105687004
14-03-2029,Keyboard,Accessories,East,8,3208,840.97,2029,March,Q1,0.262147756
15-03-2029,Smartwatch,Electronics,South,6,3402,857.61,2029,March,Q1,0.252089947
16-03-2029,Headphones,Accessories,North,1,541,52.5,2029,March,Q1,0.097042514
17-03-2029,Smartwatch,Electronics,West,7,1806,129.6,2029,March,Q1,0.071760797
18-03-2029,Headphones,Accessories,South,3,2433,515.28,2029,March,Q1,0.211787916
19-03-2029,Keyboard,Accessories,East,6,5880,454.19,2029,March,Q1,0.077243197
20-03-2029,Mouse,Accessories,West,3,3375,451.5,2029,March,Q1,0.133777778
21-03-2029,Tablet,Electronics,North,8,6960,1913.58,2029,March,Q1,0.274939655
22-03-2029,Keyboard,Accessories,West,4,316,32.79,2029,March,Q1,0.103765823
23-03-2029,Tablet,Electronics,North,9,1404,89.43,2029,March,Q1,0.063696581
24-03-2029,Keyboard,Accessories,North,9,5823,478.22,2029,March,Q1,0.082126052
25-03-2029,Headphones,Accessories,South,6,2790,719.15,2029,March,Q1,0.257759857
26-03-2029,Tablet,Electronics,West,7,1169,69.41,2029,March,Q1,0.059375535
27-03-2029,Printer,Office,East,8,6016,406.13,2029,March,Q1,0.067508311
28-03-2029,Smartwatch,Electronics,North,7,7154,1177.51,2029,March,Q1,0.164594632
29-03-2029,Keyboard,Accessories,West,2,370,102.74,2029,March,Q1,0.277675676
30-03-2029,Monitor,Accessories,West,1,430,113.57,2029,March,Q1,0.264116279
31-03-2029,Smartwatch,Electronics,West,1,946,280.53,2029,March,Q1,0.29654334
1/4/2029,Tablet,Electronics,South,8,984,73.84,2029,April,Q2,0.07504065
2/4/2029,Keyboard,Accessories,East,9,1467,372.17,2029,April,Q2,0.253694615
3/4/2029,Smartphone,Electronics,South,4,2444,155.42,2029,April,Q2,0.063592471
4/4/2029,Mouse,Accessories,North,9,8640,1254.3,2029,April,Q2,0.145173611
5/4/2029,Smartwatch,Electronics,West,9,3861,536.04,2029,April,Q2,0.138834499
6/4/2029,Keyboard,Accessories,North,1,868,60.12,2029,April,Q2,0.069262673
7/4/2029,Laptop,Electronics,South,9,1746,260.5,2029,April,Q2,0.149198167
8/4/2029,Printer,Office,South,1,915,129.08,2029,April,Q2,0.141071038
9/4/2029,Smartwatch,Electronics,East,9,3591,423,2029,April,Q2,0.117794486
10/4/2029,Camera,Electronics,East,6,2562,612.36,2029,April,Q2,0.239016393
11/4/2029,Smartwatch,Electronics,West,9,5382,1037.04,2029,April,Q2,0.192686734
12/4/2029,Smartwatch,Electronics,East,4,2792,170.96,2029,April,Q2,0.061232092
13-04-2029,Headphones,Accessories,East,4,2160,631.9,2029,April,Q2,0.292546296
14-04-2029,Monitor,Accessories,West,7,6377,1332.86,2029,April,Q2,0.209010507
15-04-2029,Smartphone,Electronics,East,8,5264,1051.5,2029,April,Q2,0.19975304
16-04-2029,Laptop,Electronics,North,2,1346,196.5,2029,April,Q2,0.145988113
17-04-2029,Camera,Electronics,South,7,7301,1311.65,2029,April,Q2,0.179653472
18-04-2029,Keyboard,Accessories,South,2,2016,198.26,2029,April,Q2,0.098343254
19-04-2029,Laptop,Electronics,North,6,1266,220.5,2029,April,Q2,0.174170616
20-04-2029,Mouse,Accessories,West,2,140,35.18,2029,April,Q2,0.251285714
21-04-2029,Camera,Electronics,East,8,6520,1073.62,2029,April,Q2,0.164665644
22-04-2029,Keyboard,Accessories,East,1,582,29.91,2029,April,Q2,0.051391753
23-04-2029,Printer,Office,West,1,245,14.5,2029,April,Q2,0.059183673
24-04-2029,Mouse,Accessories,South,1,504,143.12,2029,April,Q2,0.283968254
25-04-2029,Monitor,Accessories,South,6,6834,1211.75,2029,April,Q2,0.17731197
26-04-2029,Headphones,Accessories,West,8,5712,1191.02,2029,April,Q2,0.208511905
27-04-2029,Laptop,Electronics,South,5,4485,347.99,2029,April,Q2,0.077589744
28-04-2029,Headphones,Accessories,West,8,2304,291.46,2029,April,Q2,0.126501736
29-04-2029,Mouse,Accessories,North,6,6576,815.56,2029,April,Q2,0.124020681
30-04-2029,Keyboard,Accessories,South,9,10629,2843.54,2029,April,Q2,0.267526578
1/5/2029,Camera,Electronics,East,1,706,153.59,2029,May,Q2,0.217549575
2/5/2029,Headphones,Accessories,South,1,977,103.82,2029,May,Q2,0.106264074
3/5/2029,Smartwatch,Electronics,South,4,776,73.16,2029,May,Q2,0.094278351
4/5/2029,Tablet,Electronics,West,4,3932,309.43,2029,May,Q2,0.07869532
5/5/2029,Keyboard,Accessories,East,3,1263,368.46,2029,May,Q2,0.291733967
6/5/2029,Keyboard,Accessories,East,8,7064,745.24,2029,May,Q2,0.105498301
7/5/2029,Keyboard,Accessories,West,4,4740,746.77,2029,May,Q2,0.157546414
8/5/2029,Printer,Office,South,7,4522,1137.23,2029,May,Q2,0.25148828
9/5/2029,Tablet,Electronics,South,7,2009,183.19,2029,May,Q2,0.091184669
10/5/2029,Smartphone,Electronics,East,2,2110,548.12,2029,May,Q2,0.259772512
11/5/2029,Mouse,Accessories,West,1,95,6.97,2029,May,Q2,0.073368421
12/5/2029,Smartwatch,Electronics,East,1,384,83.58,2029,May,Q2,0.21765625
13-05-2029,Tablet,Electronics,North,3,3471,200.08,2029,May,Q2,0.05764333
14-05-2029,Tablet,Electronics,West,4,2048,507.01,2029,May,Q2,0.247563477
15-05-2029,Monitor,Accessories,South,8,9296,2581.06,2029,May,Q2,0.277652754
16-05-2029,Laptop,Electronics,West,8,5272,1188.16,2029,May,Q2,0.225371775
17-05-2029,Headphones,Accessories,East,1,619,127.58,2029,May,Q2,0.206106624
18-05-2029,Laptop,Electronics,North,1,448,53.2,2029,May,Q2,0.11875
19-05-2029,Keyboard,Accessories,North,9,5004,1313.13,2029,May,Q2,0.262416067
20-05-2029,Keyboard,Accessories,North,4,4716,704.99,2029,May,Q2,0.149488974
21-05-2029,Printer,Office,West,9,7506,827.17,2029,May,Q2,0.110201172
22-05-2029,Keyboard,Accessories,North,7,4095,883.56,2029,May,Q2,0.215765568
23-05-2029,Smartwatch,Electronics,North,7,4459,1037.27,2029,May,Q2,0.232623907
24-05-2029,Tablet,Electronics,South,5,620,62.49,2029,May,Q2,0.100790323
25-05-2029,Smartwatch,Electronics,West,2,2362,185.89,2029,May,Q2,0.078700254
26-05-2029,Printer,Office,North,2,606,154.99,2029,May,Q2,0.255759076
27-05-2029,Camera,Electronics,East,4,1084,134.42,2029,May,Q2,0.12400369
28-05-2029,Laptop,Electronics,North,8,2880,315.87,2029,May,Q2,0.109677083
29-05-2029,Laptop,Electronics,West,8,4544,727.05,2029,May,Q2,0.160002201
30-05-2029,Mouse,Accessories,West,4,556,85.63,2029,May,Q2,0.154010791
31-05-2029,Laptop,Electronics,North,5,505,71.97,2029,May,Q2,0.142514851
1/6/2029,Tablet,Electronics,West,5,2595,774.2,2029,June,Q2,0.298342967
2/6/2029,Headphones,Accessories,South,5,2820,737.68,2029,June,Q2,0.261588652
3/6/2029,Keyboard,Accessories,East,2,1018,297.21,2029,June,Q2,0.291954813
4/6/2029,Laptop,Electronics,East,4,944,176.56,2029,June,Q2,0.187033898
5/6/2029,Tablet,Electronics,East,1,610,44.99,2029,June,Q2,0.073754098
6/6/2029,Camera,Electronics,South,4,912,81.65,2029,June,Q2,0.089528509
7/6/2029,Monitor,Accessories,West,9,10413,1738.63,2029,June,Q2,0.166967252
8/6/2029,Printer,Office,West,8,2176,398.29,2029,June,Q2,0.183037684
9/6/2029,Printer,Office,East,6,6108,1488.4,2029,June,Q2,0.243680419
10/6/2029,Mouse,Accessories,West,2,1148,173.89,2029,June,Q2,0.151472125
11/6/2029,Monitor,Accessories,East,8,8824,597.1,2029,June,Q2,0.067667724
12/6/2029,Headphones,Accessories,North,5,2240,159.58,2029,June,Q2,0.071241071
13-06-2029,Camera,Electronics,North,2,1312,386.79,2029,June,Q2,0.294809451
14-06-2029,Laptop,Electronics,South,9,10620,2946.93,2029,June,Q2,0.277488701
15-06-2029,Tablet,Electronics,East,2,2178,574.4,2029,June,Q2,0.263728191
16-06-2029,Monitor,Accessories,East,3,1671,94.52,2029,June,Q2,0.056564931
17-06-2029,Monitor,Accessories,East,3,2025,355.59,2029,June,Q2,0.1756
18-06-2029,Mouse,Accessories,East,6,2886,355.32,2029,June,Q2,0.123118503
19-06-2029,Printer,Office,East,2,1868,307.32,2029,June,Q2,0.164518201
20-06-2029,Headphones,Accessories,East,4,3280,826.94,2029,June,Q2,0.252115854
21-06-2029,Tablet,Electronics,West,2,1768,375.86,2029,June,Q2,0.212590498
22-06-2029,Camera,Electronics,West,7,6937,1753.02,2029,June,Q2,0.252705781
23-06-2029,Smartwatch,Electronics,North,6,3012,307.47,2029,June,Q2,0.102081673
24-06-2029,Headphones,Accessories,South,3,777,147.93,2029,June,Q2,0.1903861
25-06-2029,Smartphone,Electronics,East,6,4056,452.14,2029,June,Q2,0.111474359
26-06-2029,Printer,Office,South,4,3212,514.92,2029,June,Q2,0.160311333
27-06-2029,Smartwatch,Electronics,West,1,952,179.4,2029,June,Q2,0.188445378
28-06-2029,Smartphone,Electronics,North,3,1674,106.24,2029,June,Q2,0.063464755
29-06-2029,Smartwatch,Electronics,East,5,4315,1019.91,2029,June,Q2,0.236363847
30-06-2029,Mouse,Accessories,North,7,1722,162.39,2029,June,Q2,0.094303136
1/7/2029,Keyboard,Accessories,South,5,2895,334.35,2029,July,Q3,0.115492228
2/7/2029,Tablet,Electronics,North,2,1280,335.22,2029,July,Q3,0.261890625
3/7/2029,Headphones,Accessories,East,5,4295,414.42,2029,July,Q3,0.096488941
4/7/2029,Printer,Office,South,6,4434,306.63,2029,July,Q3,0.069154263
5/7/2029,Keyboard,Accessories,North,6,3816,623.78,2029,July,Q3,0.163464361
6/7/2029,Headphones,Accessories,East,7,6335,1137.08,2029,July,Q3,0.179491713
7/7/2029,Mouse,Accessories,West,3,315,78.41,2029,July,Q3,0.248920635
8/7/2029,Camera,Electronics,East,2,626,168.82,2029,July,Q3,0.269680511
9/7/2029,Smartwatch,Electronics,South,1,1140,85.75,2029,July,Q3,0.075219298
10/7/2029,Smartphone,Electronics,North,5,590,52.55,2029,July,Q3,0.089067797
11/7/2029,Tablet,Electronics,East,1,631,99.31,2029,July,Q3,0.157385103
12/7/2029,Monitor,Accessories,South,8,1944,134.94,2029,July,Q3,0.06941358
13-07-2029,Smartphone,Electronics,North,6,5100,1461.79,2029,July,Q3,0.28662549
14-07-2029,Keyboard,Accessories,South,6,1092,176.52,2029,July,Q3,0.161648352
15-07-2029,Monitor,Accessories,West,7,4662,1007.43,2029,July,Q3,0.216093951
16-07-2029,Headphones,Accessories,West,7,4312,1088.34,2029,July,Q3,0.252397959
17-07-2029,Mouse,Accessories,North,6,4056,815.1,2029,July,Q3,0.200961538
18-07-2029,Headphones,Accessories,North,3,534,120.53,2029,July,Q3,0.22571161
19-07-2029,Printer,Office,South,5,3475,991.47,2029,July,Q3,0.285315108
20-07-2029,Tablet,Electronics,South,5,4880,829.03,2029,July,Q3,0.169883197
21-07-2029,Tablet,Electronics,West,8,8336,782.8,2029,July,Q3,0.09390595
22-07-2029,Mouse,Accessories,North,8,9232,490.66,2029,July,Q3,0.053147747
23-07-2029,Smartphone,Electronics,South,3,2031,466.25,2029,July,Q3,0.229566716
24-07-2029,Smartwatch,Electronics,North,3,2412,640.35,2029,July,Q3,0.265485075
25-07-2029,Smartphone,Electronics,East,1,1039,137.24,2029,July,Q3,0.132088547
26-07-2029,Camera,Electronics,West,6,696,100.78,2029,July,Q3,0.144798851
27-07-2029,Laptop,Electronics,North,8,6160,1617.32,2029,July,Q3,0.262551948
28-07-2029,Camera,Electronics,East,3,447,58.4,2029,July,Q3,0.13064877
29-07-2029,Keyboard,Accessories,West,6,6102,364.82,2029,July,Q3,0.059786955
30-07-2029,Camera,Electronics,South,9,5085,1372.83,2029,July,Q3,0.269976401
31-07-2029,Laptop,Electronics,North,7,3038,158.82,2029,July,Q3,0.052277814
1/8/2029,Headphones,Accessories,West,1,882,215.24,2029,August,Q3,0.244036281
2/8/2029,Monitor,Accessories,West,6,2490,720.06,2029,August,Q3,0.289180723
3/8/2029,Camera,Electronics,North,1,635,101.09,2029,August,Q3,0.15919685
4/8/2029,Laptop,Electronics,East,1,1083,152.5,2029,August,Q3,0.140812558
5/8/2029,Keyboard,Accessories,West,6,720,144.26,2029,August,Q3,0.200361111
6/8/2029,Printer,Office,West,3,3111,382.52,2029,August,Q3,0.122957248
7/8/2029,Smartwatch,Electronics,North,6,1242,87.37,2029,August,Q3,0.070346216
8/8/2029,Smartwatch,Electronics,West,5,5845,978.75,2029,August,Q3,0.167450813
9/8/2029,Smartwatch,Electronics,West,1,835,131.7,2029,August,Q3,0.157724551
10/8/2029,Monitor,Accessories,South,2,2314,305.42,2029,August,Q3,0.1319879
11/8/2029,Smartwatch,Electronics,East,7,6041,776.09,2029,August,Q3,0.128470452
12/8/2029,Mouse,Accessories,North,3,369,19.22,2029,August,Q3,0.052086721
13-08-2029,Tablet,Electronics,West,5,1635,321.84,2029,August,Q3,0.196844037
14-08-2029,Keyboard,Accessories,West,3,2067,465.39,2029,August,Q3,0.225152395
15-08-2029,Smartphone,Electronics,West,6,7128,544.54,2029,August,Q3,0.076394501
16-08-2029,Printer,Office,North,2,944,94.4,2029,August,Q3,0.1
17-08-2029,Tablet,Electronics,East,5,5160,698.15,2029,August,Q3,0.135300388
18-08-2029,Smartphone,Electronics,West,8,8032,1987.82,2029,August,Q3,0.24748755
19-08-2029,Camera,Electronics,South,2,376,99.16,2029,August,Q3,0.263723404
20-08-2029,Smartphone,Electronics,South,7,4144,426.39,2029,August,Q3,0.10289334
21-08-2029,Camera,Electronics,South,4,2228,293.25,2029,August,Q3,0.131620287
22-08-2029,Tablet,Electronics,West,1,1178,182.76,2029,August,Q3,0.155144312
23-08-2029,Mouse,Accessories,North,5,2505,303.61,2029,August,Q3,0.121201597
24-08-2029,Smartwatch,Electronics,West,4,1872,418.05,2029,August,Q3,0.223317308
25-08-2029,Printer,Office,West,2,340,59.56,2029,August,Q3,0.175176471
26-08-2029,Laptop,Electronics,West,1,589,158.85,2029,August,Q3,0.269694397
27-08-2029,Laptop,Electronics,West,3,2598,560.82,2029,August,Q3,0.215866051
28-08-2029,Tablet,Electronics,North,1,502,92.31,2029,August,Q3,0.183884462
29-08-2029,Laptop,Electronics,South,3,3576,546.44,2029,August,Q3,0.152807606
30-08-2029,Keyboard,Accessories,East,3,2412,468.27,2029,August,Q3,0.194141791
31-08-2029,Printer,Office,West,5,1145,244.72,2029,August,Q3,0.213729258
1/9/2029,Keyboard,Accessories,West,2,2116,159.3,2029,September,Q3,0.075283554
2/9/2029,Laptop,Electronics,North,1,707,100.16,2029,September,Q3,0.141669024
3/9/2029,Mouse,Accessories,South,9,657,109.39,2029,September,Q3,0.166499239
4/9/2029,Laptop,Electronics,South,5,5345,1060.46,2029,September,Q3,0.198402245
5/9/2029,Tablet,Electronics,South,8,4032,251.05,2029,September,Q3,0.062264385
6/9/2029,Camera,Electronics,South,4,3840,552.57,2029,September,Q3,0.143898438
7/9/2029,Monitor,Accessories,East,5,575,47.35,2029,September,Q3,0.082347826
8/9/2029,Laptop,Electronics,West,9,9315,1808.68,2029,September,Q3,0.194168545
9/9/2029,Mouse,Accessories,East,7,3423,435.06,2029,September,Q3,0.127099036
10/9/2029,Monitor,Accessories,South,6,3942,748.74,2029,September,Q3,0.189939117
11/9/2029,Laptop,Electronics,South,2,574,70.16,2029,September,Q3,0.122229965
12/9/2029,Headphones,Accessories,North,6,3024,336.28,2029,September,Q3,0.111203704
13-09-2029,Headphones,Accessories,North,7,952,215.51,2029,September,Q3,0.22637605
14-09-2029,Smartphone,Electronics,West,9,9090,937.69,2029,September,Q3,0.103156216
15-09-2029,Tablet,Electronics,West,2,1166,170.11,2029,September,Q3,0.145891938
16-09-2029,Keyboard,Accessories,South,3,2925,433.95,2029,September,Q3,0.148358974
17-09-2029,Camera,Electronics,South,5,3455,867.55,2029,September,Q3,0.251099855
18-09-2029,Smartphone,Electronics,North,2,1614,331.3,2029,September,Q3,0.205266419
19-09-2029,Mouse,Accessories,West,7,1771,171.26,2029,September,Q3,0.096702428
20-09-2029,Printer,Office,South,6,5658,1504.97,2029,September,Q3,0.265989749
21-09-2029,Mouse,Accessories,East,9,8460,1515.06,2029,September,Q3,0.179085106
22-09-2029,Printer,Office,West,5,1925,570.93,2029,September,Q3,0.296587013
23-09-2029,Laptop,Electronics,North,6,2196,572.17,2029,September,Q3,0.260551002
24-09-2029,Keyboard,Accessories,East,2,1696,500.56,2029,September,Q3,0.295141509
25-09-2029,Printer,Office,South,9,6813,1966.66,2029,September,Q3,0.28866285
26-09-2029,Keyboard,Accessories,North,5,3670,790.67,2029,September,Q3,0.215441417
27-09-2029,Keyboard,Accessories,South,4,2936,204.55,2029,September,Q3,0.069669619
28-09-2029,Monitor,Accessories,West,5,5165,283.6,2029,September,Q3,0.054908035
29-09-2029,Camera,Electronics,East,5,5940,467.31,2029,September,Q3,0.078671717
30-09-2029,Smartwatch,Electronics,East,6,2664,520.3,2029,September,Q3,0.195307808
1/10/2029,Headphones,Accessories,East,2,1198,134.39,2029,October,Q4,0.112178631
2/10/2029,Headphones,Accessories,North,4,1340,309.8,2029,October,Q4,0.23119403
3/10/2029,Monitor,Accessories,East,9,9657,1233.47,2029,October,Q4,0.127728073
4/10/2029,Camera,Electronics,North,8,2592,191.66,2029,October,Q4,0.073942901
5/10/2029,Camera,Electronics,West,4,1168,135.36,2029,October,Q4,0.115890411
6/10/2029,Headphones,Accessories,South,8,5920,1241.27,2029,October,Q4,0.209673986
7/10/2029,Smartphone,Electronics,West,2,2260,268.47,2029,October,Q4,0.118792035
8/10/2029,Printer,Office,West,8,7016,1490.07,2029,October,Q4,0.212381699
9/10/2029,Headphones,Accessories,North,6,546,79.94,2029,October,Q4,0.146410256
10/10/2029,Laptop,Electronics,East,1,839,228.72,2029,October,Q4,0.27261025
11/10/2029,Tablet,Electronics,South,8,5176,619.45,2029,October,Q4,0.119677357
12/10/2029,Laptop,Electronics,West,4,280,24.9,2029,October,Q4,0.088928571
13-10-2029,Monitor,Accessories,North,9,2097,210.59,2029,October,Q4,0.100424416
14-10-2029,Mouse,Accessories,West,6,4632,799.16,2029,October,Q4,0.172530225
15-10-2029,Keyboard,Accessories,North,4,1088,283.61,2029,October,Q4,0.260670956
16-10-2029,Camera,Electronics,North,2,1314,391.55,2029,October,Q4,0.297983257
17-10-2029,Mouse,Accessories,North,8,7960,804.11,2029,October,Q4,0.101018844
18-10-2029,Printer,Office,North,8,2856,350.32,2029,October,Q4,0.122661064
19-10-2029,Smartwatch,Electronics,West,4,1680,385.92,2029,October,Q4,0.229714286
20-10-2029,Monitor,Accessories,North,4,4464,1069.63,2029,October,Q4,0.239612455
21-10-2029,Smartphone,Electronics,East,6,2940,184.97,2029,October,Q4,0.062914966
22-10-2029,Monitor,Accessories,West,8,1272,344.45,2029,October,Q4,0.270794025
23-10-2029,Printer,Office,East,6,1728,247.86,2029,October,Q4,0.1434375
24-10-2029,Monitor,Accessories,North,3,3153,563.56,2029,October,Q4,0.17873771
25-10-2029,Smartphone,Electronics,West,4,2536,285.72,2029,October,Q4,0.112665615
26-10-2029,Tablet,Electronics,South,3,2508,431.53,2029,October,Q4,0.172061404
27-10-2029,Tablet,Electronics,East,1,123,12.36,2029,October,Q4,0.100487805
28-10-2029,Smartphone,Electronics,South,3,2379,148.68,2029,October,Q4,0.062496847
29-10-2029,Printer,Office,West,6,6924,1693.77,2029,October,Q4,0.24462305
30-10-2029,Smartwatch,Electronics,West,9,9054,644.36,2029,October,Q4,0.071168544
31-10-2029,Camera,Electronics,South,9,9936,2797.45,2029,October,Q4,0.2815469
1/11/2029,Smartphone,Electronics,East,1,393,41.05,2029,November,Q4,0.104452926
2/11/2029,Printer,Office,East,2,308,35.32,2029,November,Q4,0.114675325
3/11/2029,Tablet,Electronics,South,5,4900,347.25,2029,November,Q4,0.070867347
4/11/2029,Laptop,Electronics,South,1,927,103.95,2029,November,Q4,0.112135922
5/11/2029,Keyboard,Accessories,East,1,266,22.42,2029,November,Q4,0.084285714
6/11/2029,Printer,Office,South,5,4750,1179.56,2029,November,Q4,0.248328421
7/11/2029,Smartwatch,Electronics,East,8,3272,460.82,2029,November,Q4,0.140837408
8/11/2029,Mouse,Accessories,East,5,4350,688.77,2029,November,Q4,0.158337931
9/11/2029,Keyboard,Accessories,East,1,706,63.82,2029,November,Q4,0.090396601
10/11/2029,Laptop,Electronics,North,3,213,30.68,2029,November,Q4,0.144037559
11/11/2029,Smartphone,Electronics,East,2,1614,376.31,2029,November,Q4,0.233153656
12/11/2029,Mouse,Accessories,West,8,6232,499.63,2029,November,Q4,0.080171694
13-11-2029,Printer,Office,North,4,3864,717.45,2029,November,Q4,0.185675466
14-11-2029,Headphones,Accessories,South,3,2601,363.64,2029,November,Q4,0.139807766
15-11-2029,Mouse,Accessories,East,6,4944,758.46,2029,November,Q4,0.153410194
16-11-2029,Printer,Office,South,4,4680,301.91,2029,November,Q4,0.064510684
17-11-2029,Mouse,Accessories,South,8,2112,418.58,2029,November,Q4,0.198191288
18-11-2029,Monitor,Accessories,East,6,7140,869.93,2029,November,Q4,0.121838936
19-11-2029,Keyboard,Accessories,East,1,750,37.97,2029,November,Q4,0.050626667
20-11-2029,Mouse,Accessories,East,4,392,39.23,2029,November,Q4,0.100076531
21-11-2029,Laptop,Electronics,South,4,2408,721.8,2029,November,Q4,0.299750831
22-11-2029,Monitor,Accessories,East,2,2016,151.4,2029,November,Q4,0.075099206
23-11-2029,Monitor,Accessories,South,4,464,47.93,2029,November,Q4,0.103297414
24-11-2029,Headphones,Accessories,East,1,832,227.11,2029,November,Q4,0.27296875
25-11-2029,Headphones,Accessories,East,8,1296,374.8,2029,November,Q4,0.289197531
26-11-2029,Smartphone,Electronics,East,1,300,45.81,2029,November,Q4,0.1527
27-11-2029,Monitor,Accessories,North,6,2856,226.53,2029,November,Q4,0.079317227
28-11-2029,Tablet,Electronics,West,5,3380,287.05,2029,November,Q4,0.084926036
29-11-2029,Tablet,Electronics,North,5,400,86.52,2029,November,Q4,0.2163
30-11-2029,Camera,Electronics,North,1,722,49.7,2029,November,Q4,0.068836565
1/12/2029,Laptop,Electronics,South,4,4596,947.45,2029,December,Q4,0.206146649
2/12/2029,Keyboard,Accessories,West,8,1176,313.58,2029,December,Q4,0.26664966
3/12/2029,Camera,Electronics,North,2,644,45.72,2029,December,Q4,0.070993789
4/12/2029,Smartphone,Electronics,West,8,544,40.78,2029,December,Q4,0.074963235
5/12/2029,Monitor,Accessories,East,2,586,101.64,2029,December,Q4,0.173447099
6/12/2029,Keyboard,Accessories,North,5,3835,229.11,2029,December,Q4,0.059741851
7/12/2029,Printer,Office,South,5,1415,358.39,2029,December,Q4,0.253279152
8/12/2029,Keyboard,Accessories,South,9,1125,138.49,2029,December,Q4,0.123102222
9/12/2029,Camera,Electronics,South,3,3399,489.36,2029,December,Q4,0.143971756
10/12/2029,Monitor,Accessories,East,6,5370,1501.06,2029,December,Q4,0.279527002
11/12/2029,Keyboard,Accessories,West,3,2331,419.26,2029,December,Q4,0.17986272
12/12/2029,Laptop,Electronics,East,9,10728,1967.84,2029,December,Q4,0.183430276
13-12-2029,Monitor,Accessories,West,8,9056,1860.37,2029,December,Q4,0.205429549
14-12-2029,Monitor,Accessories,West,9,4581,250.06,2029,December,Q4,0.054586335
15-12-2029,Camera,Electronics,North,3,1074,240.44,2029,December,Q4,0.223873371
16-12-2029,Tablet,Electronics,West,4,4572,1199.49,2029,December,Q4,0.262355643
17-12-2029,Laptop,Electronics,South,7,8141,651.16,2029,December,Q4,0.07998526
18-12-2029,Printer,Office,West,4,604,180.93,2029,December,Q4,0.29955298
19-12-2029,Mouse,Accessories,South,2,906,59.06,2029,December,Q4,0.065187638
20-12-2029,Headphones,Accessories,South,7,1582,278.14,2029,December,Q4,0.175815424
21-12-2029,Mouse,Accessories,West,6,3306,216.91,2029,December,Q4,0.06561101
22-12-2029,Headphones,Accessories,West,1,847,237.41,2029,December,Q4,0.280295159
23-12-2029,Printer,Office,East,6,3222,846.27,2029,December,Q4,0.262653631
24-12-2029,Keyboard,Accessories,East,3,189,33.94,2029,December,Q4,0.17957672
25-12-2029,Laptop,Electronics,South,4,1224,348.91,2029,December,Q4,0.28505719
26-12-2029,Camera,Electronics,South,7,5621,1390.73,2029,December,Q4,0.24741683
27-12-2029,Tablet,Electronics,West,6,966,246.21,2029,December,Q4,0.254875776
28-12-2029,Tablet,Electronics,West,9,1728,179.64,2029,December,Q4,0.103958333
29-12-2029,Mouse,Accessories,West,9,6138,1478.57,2029,December,Q4,0.240887911
30-12-2029,Monitor,Accessories,South,4,964,184.03,2029,December,Q4,0.19090249
31-12-2029,Smartphone,Electronics,South,7,4697,976.26,2029,December,Q4,0.207847562
1/1/2030,Smartphone,Electronics,West,2,1232,155.52,2030,January,Q1,0.126233766
2/1/2030,Monitor,Accessories,West,7,6384,734.79,2030,January,Q1,0.115098684
3/1/2030,Mouse,Accessories,West,4,780,162.72,2030,January,Q1,0.208615385
4/1/2030,Printer,Office,West,4,1256,362.22,2030,January,Q1,0.28839172
5/1/2030,Mouse,Accessories,South,1,1162,220.93,2030,January,Q1,0.190129088
6/1/2030,Mouse,Accessories,South,8,7520,995.03,2030,January,Q1,0.132317819
7/1/2030,Headphones,Accessories,South,7,2387,463.92,2030,January,Q1,0.194352744
8/1/2030,Keyboard,Accessories,East,8,2256,316.77,2030,January,Q1,0.140412234
9/1/2030,Monitor,Accessories,North,8,7792,913.12,2030,January,Q1,0.117186858
10/1/2030,Laptop,Electronics,East,8,3944,296.35,2030,January,Q1,0.075139452
11/1/2030,Smartphone,Electronics,South,2,822,183.45,2030,January,Q1,0.223175182
12/1/2030,Headphones,Accessories,North,3,1962,469.94,2030,January,Q1,0.239520897
13-01-2030,Printer,Office,North,4,1016,269.88,2030,January,Q1,0.265629921
14-01-2030,Tablet,Electronics,North,2,1980,125.99,2030,January,Q1,0.063631313
15-01-2030,Headphones,Accessories,West,4,3996,965.26,2030,January,Q1,0.241556557
16-01-2030,Smartwatch,Electronics,North,1,663,183.82,2030,January,Q1,0.277254902
17-01-2030,Laptop,Electronics,South,1,575,104.31,2030,January,Q1,0.181408696
18-01-2030,Tablet,Electronics,South,1,187,33.76,2030,January,Q1,0.180534759
19-01-2030,Tablet,Electronics,East,7,6216,378.24,2030,January,Q1,0.060849421
20-01-2030,Camera,Electronics,South,1,189,19.02,2030,January,Q1,0.100634921
21-01-2030,Tablet,Electronics,South,2,358,41.46,2030,January,Q1,0.115810056
22-01-2030,Keyboard,Accessories,North,6,6192,316.23,2030,January,Q1,0.051070736
23-01-2030,Tablet,Electronics,East,7,4382,592.46,2030,January,Q1,0.135203104
24-01-2030,Keyboard,Accessories,East,2,1122,100.78,2030,January,Q1,0.089821747
25-01-2030,Laptop,Electronics,North,8,8192,2081.72,2030,January,Q1,0.254116211
26-01-2030,Laptop,Electronics,South,6,2658,200.79,2030,January,Q1,0.075541761
27-01-2030,Tablet,Electronics,West,6,606,127.68,2030,January,Q1,0.210693069
28-01-2030,Monitor,Accessories,South,8,448,45.43,2030,January,Q1,0.10140625
29-01-2030,Printer,Office,North,3,1674,435.95,2030,January,Q1,0.260424134
30-01-2030,Tablet,Electronics,South,6,1944,366.18,2030,January,Q1,0.188364198
31-01-2030,Monitor,Accessories,South,6,1716,302.09,2030,January,Q1,0.176043124
1/2/2030,Camera,Electronics,South,6,2982,445.01,2030,February,Q1,0.149232059
2/2/2030,Laptop,Electronics,North,9,7497,2241.59,2030,February,Q1,0.298998266
3/2/2030,Headphones,Accessories,South,3,1026,142.71,2030,February,Q1,0.139093567
4/2/2030,Laptop,Electronics,South,7,7392,2063.23,2030,February,Q1,0.279116613
5/2/2030,Printer,Office,North,4,2604,271.22,2030,February,Q1,0.104155146
6/2/2030,Smartwatch,Electronics,North,6,1746,289.2,2030,February,Q1,0.165635739
7/2/2030,Headphones,Accessories,West,6,5682,1365.87,2030,February,Q1,0.240385428
8/2/2030,Mouse,Accessories,North,8,8664,2131.16,2030,February,Q1,0.245978763
9/2/2030,Tablet,Electronics,West,3,1887,363.42,2030,February,Q1,0.192591415
10/2/2030,Smartphone,Electronics,East,7,6013,1544.51,2030,February,Q1,0.256861799
11/2/2030,Smartwatch,Electronics,North,2,1578,463.58,2030,February,Q1,0.293776933
12/2/2030,Camera,Electronics,South,3,285,38.37,2030,February,Q1,0.134631579
13-02-2030,Laptop,Electronics,West,6,5448,963.82,2030,February,Q1,0.176912628
14-02-2030,Printer,Office,East,2,1710,468.76,2030,February,Q1,0.274128655
15-02-2030,Keyboard,Accessories,West,9,2817,432.67,2030,February,Q1,0.153592474
16-02-2030,Smartphone,Electronics,East,9,9117,1780.52,2030,February,Q1,0.195296698
17-02-2030,Smartwatch,Electronics,South,2,274,42.37,2030,February,Q1,0.154635036
18-02-2030,Keyboard,Accessories,South,6,6408,885.71,2030,February,Q1,0.138219413
19-02-2030,Keyboard,Accessories,West,5,5755,1441.84,2030,February,Q1,0.250536924
20-02-2030,Tablet,Electronics,West,3,2262,245.66,2030,February,Q1,0.108603006
21-02-2030,Headphones,Accessories,East,7,1785,233.77,2030,February,Q1,0.130963585
22-02-2030,Printer,Office,North,8,5128,657.87,2030,February,Q1,0.128289782
23-02-2030,Camera,Electronics,South,8,5176,1400.82,2030,February,Q1,0.270637558
24-02-2030,Keyboard,Accessories,North,5,1510,331.76,2030,February,Q1,0.219708609
25-02-2030,Keyboard,Accessories,North,1,947,77.21,2030,February,Q1,0.081531151
26-02-2030,Smartphone,Electronics,North,9,5427,731.33,2030,February,Q1,0.134757693
27-02-2030,Smartwatch,Electronics,South,4,4560,507.87,2030,February,Q1,0.111375
28-02-2030,Tablet,Electronics,South,6,2100,268.4,2030,February,Q1,0.127809524
1/3/2030,Laptop,Electronics,North,1,1054,288.15,2030,March,Q1,0.273387097
2/3/2030,Smartwatch,Electronics,West,6,7026,1814.21,2030,March,Q1,0.258213777
3/3/2030,Camera,Electronics,North,9,513,151.87,2030,March,Q1,0.296042885
4/3/2030,Headphones,Accessories,South,2,2244,353.83,2030,March,Q1,0.157678253
5/3/2030,Smartphone,Electronics,North,5,1785,134.95,2030,March,Q1,0.075602241
6/3/2030,Keyboard,Accessories,South,5,725,77.91,2030,March,Q1,0.107462069
7/3/2030,Smartphone,Electronics,North,4,2516,689.29,2030,March,Q1,0.273962639
8/3/2030,Monitor,Accessories,East,8,6256,1152.99,2030,March,Q1,0.184301471
9/3/2030,Camera,Electronics,North,2,452,74.34,2030,March,Q1,0.164469027
10/3/2030,Laptop,Electronics,South,7,5285,1338.58,2030,March,Q1,0.253279092
11/3/2030,Smartphone,Electronics,North,6,4872,786.79,2030,March,Q1,0.1614922
12/3/2030,Keyboard,Accessories,East,5,2495,164.56,2030,March,Q1,0.065955912
13-03-2030,Monitor,Accessories,West,1,442,82.73,2030,March,Q1,0.187171946
14-03-2030,Printer,Office,East,9,8595,1312.19,2030,March,Q1,0.152668994
15-03-2030,Keyboard,Accessories,East,4,3528,411.5,2030,March,Q1,0.116638322
16-03-2030,Laptop,Electronics,North,7,7777,746.84,2030,March,Q1,0.096031889
17-03-2030,Smartwatch,Electronics,South,4,2008,451.68,2030,March,Q1,0.224940239
18-03-2030,Mouse,Accessories,North,2,596,41.37,2030,March,Q1,0.069412752
19-03-2030,Smartwatch,Electronics,East,9,4950,1402.67,2030,March,Q1,0.283367677
20-03-2030,Keyboard,Accessories,South,2,630,86.07,2030,March,Q1,0.136619048
21-03-2030,Camera,Electronics,North,6,6144,754.18,2030,March,Q1,0.122750651
22-03-2030,Monitor,Accessories,North,1,140,24.21,2030,March,Q1,0.172928571
23-03-2030,Headphones,Accessories,East,2,2014,215.06,2030,March,Q1,0.106782522
24-03-2030,Mouse,Accessories,West,2,384,99.02,2030,March,Q1,0.257864583
25-03-2030,Printer,Office,East,7,3780,351.51,2030,March,Q1,0.092992063
26-03-2030,Monitor,Accessories,West,7,5047,915.75,2030,March,Q1,0.181444422
27-03-2030,Headphones,Accessories,South,3,2658,175.89,2030,March,Q1,0.066173815
28-03-2030,Mouse,Accessories,West,8,528,53.91,2030,March,Q1,0.102102273
29-03-2030,Keyboard,Accessories,East,9,6507,1045.14,2030,March,Q1,0.160617796
30-03-2030,Camera,Electronics,South,7,5887,1035.5,2030,March,Q1,0.175896042
31-03-2030,Headphones,Accessories,East,8,8224,1679.16,2030,March,Q1,0.204178016
1/4/2030,Laptop,Electronics,South,3,723,115.25,2030,April,Q2,0.159405256
2/4/2030,Mouse,Accessories,North,2,2272,504.72,2030,April,Q2,0.222147887
3/4/2030,Keyboard,Accessories,East,9,8640,1963.34,2030,April,Q2,0.227238426
4/4/2030,Camera,Electronics,North,8,2984,631.81,2030,April,Q2,0.211732574
5/4/2030,Smartphone,Electronics,East,2,606,150.95,2030,April,Q2,0.249092409
6/4/2030,Monitor,Accessories,West,2,170,48.69,2030,April,Q2,0.286411765
7/4/2030,Headphones,Accessories,East,9,5283,1550.3,2030,April,Q2,0.293450691
8/4/2030,Smartwatch,Electronics,West,6,1350,356.88,2030,April,Q2,0.264355556
9/4/2030,Headphones,Accessories,South,4,2500,467.34,2030,April,Q2,0.186936
10/4/2030,Camera,Electronics,North,4,4648,689.85,2030,April,Q2,0.148418675
11/4/2030,Printer,Office,North,5,650,93.41,2030,April,Q2,0.143707692
12/4/2030,Monitor,Accessories,North,2,1538,97.15,2030,April,Q2,0.06316645
13-04-2030,Smartwatch,Electronics,East,4,3928,325.32,2030,April,Q2,0.082820774
14-04-2030,Headphones,Accessories,North,2,2258,175.86,2030,April,Q2,0.077883082
15-04-2030,Monitor,Accessories,West,9,2988,447.93,2030,April,Q2,0.149909639
16-04-2030,Headphones,Accessories,South,8,4136,810.82,2030,April,Q2,0.196039652
17-04-2030,Mouse,Accessories,South,7,3605,387.82,2030,April,Q2,0.107578363
18-04-2030,Smartwatch,Electronics,West,3,1656,469.28,2030,April,Q2,0.283381643
19-04-2030,Printer,Office,West,8,7072,2113.06,2030,April,Q2,0.298792421
20-04-2030,Keyboard,Accessories,South,8,5368,542.52,2030,April,Q2,0.101065574
21-04-2030,Laptop,Electronics,East,4,1356,374.79,2030,April,Q2,0.276393805
22-04-2030,Printer,Office,South,6,1326,338.66,2030,April,Q2,0.255399698
23-04-2030,Printer,Office,East,1,730,55.72,2030,April,Q2,0.076328767
24-04-2030,Headphones,Accessories,South,4,4664,294.05,2030,April,Q2,0.063046741
25-04-2030,Laptop,Electronics,North,8,3528,593.11,2030,April,Q2,0.168115079
26-04-2030,Mouse,Accessories,West,3,1497,190.59,2030,April,Q2,0.127314629
27-04-2030,Tablet,Electronics,North,3,2628,781.94,2030,April,Q2,0.297541857
28-04-2030,Laptop,Electronics,West,4,4196,655.29,2030,April,Q2,0.156170162
29-04-2030,Monitor,Accessories,South,7,1204,317.12,2030,April,Q2,0.263388704
30-04-2030,Printer,Office,West,7,7119,1555.05,2030,April,Q2,0.218436578
1/5/2030,Tablet,Electronics,West,8,1848,351.02,2030,May,Q2,0.189945887
2/5/2030,Tablet,Electronics,South,4,2232,531.12,2030,May,Q2,0.237956989
3/5/2030,Mouse,Accessories,West,6,5190,898.86,2030,May,Q2,0.173190751
4/5/2030,Smartphone,Electronics,West,3,1830,403.42,2030,May,Q2,0.220448087
5/5/2030,Mouse,Accessories,West,1,1033,302.68,2030,May,Q2,0.293010649
6/5/2030,Smartwatch,Electronics,South,7,2324,611.7,2030,May,Q2,0.263209983
7/5/2030,Keyboard,Accessories,North,2,1942,235.42,2030,May,Q2,0.121225541
8/5/2030,Printer,Office,South,7,5740,1615.9,2030,May,Q2,0.281515679
9/5/2030,Smartwatch,Electronics,South,9,6435,1096.88,2030,May,Q2,0.170455322
10/5/2030,Mouse,Accessories,North,2,1168,172.18,2030,May,Q2,0.147414384
11/5/2030,Tablet,Electronics,South,9,7362,441.36,2030,May,Q2,0.0599511
12/5/2030,Smartwatch,Electronics,West,2,862,105.97,2030,May,Q2,0.122935035
13-05-2030,Mouse,Accessories,West,1,956,167.16,2030,May,Q2,0.174853556
14-05-2030,Smartphone,Electronics,West,7,4438,770.3,2030,May,Q2,0.173569175
15-05-2030,Keyboard,Accessories,East,9,972,100,2030,May,Q2,0.102880658
16-05-2030,Keyboard,Accessories,West,2,1816,129.24,2030,May,Q2,0.071167401
17-05-2030,Monitor,Accessories,East,4,596,105.89,2030,May,Q2,0.177667785
18-05-2030,Mouse,Accessories,East,9,1233,346.9,2030,May,Q2,0.28134631
19-05-2030,Headphones,Accessories,West,1,1055,88.61,2030,May,Q2,0.083990521
20-05-2030,Tablet,Electronics,East,2,952,112.39,2030,May,Q2,0.118056723
21-05-2030,Mouse,Accessories,West,1,312,40.47,2030,May,Q2,0.129711538
22-05-2030,Tablet,Electronics,South,2,294,35.05,2030,May,Q2,0.119217687
23-05-2030,Smartwatch,Electronics,North,2,474,120.91,2030,May,Q2,0.255084388
24-05-2030,Camera,Electronics,East,2,788,195.15,2030,May,Q2,0.247652284
25-05-2030,Mouse,Accessories,North,8,2760,156.53,2030,May,Q2,0.056713768
26-05-2030,Laptop,Electronics,North,4,908,219.79,2030,May,Q2,0.242059471
27-05-2030,Smartphone,Electronics,East,1,593,133.01,2030,May,Q2,0.224300169
28-05-2030,Headphones,Accessories,South,6,1698,193.42,2030,May,Q2,0.113910483
29-05-2030,Printer,Office,East,1,546,124.1,2030,May,Q2,0.227289377
30-05-2030,Laptop,Electronics,West,5,4380,275.84,2030,May,Q2,0.062977169
31-05-2030,Camera,Electronics,West,4,2472,594.62,2030,May,Q2,0.240542071
1/6/2030,Smartphone,Electronics,East,4,1996,396.63,2030,June,Q2,0.198712425
2/6/2030,Camera,Electronics,West,5,2525,699.74,2030,June,Q2,0.277124752
3/6/2030,Headphones,Accessories,West,9,4041,517.23,2030,June,Q2,0.127995546
4/6/2030,Keyboard,Accessories,South,3,858,246.86,2030,June,Q2,0.287715618
5/6/2030,Keyboard,Accessories,North,9,4221,1238.6,2030,June,Q2,0.293437574
6/6/2030,Tablet,Electronics,East,2,858,73.49,2030,June,Q2,0.085652681
7/6/2030,Keyboard,Accessories,North,1,776,172.19,2030,June,Q2,0.22189433
8/6/2030,Laptop,Electronics,North,7,3654,871.81,2030,June,Q2,0.238590586
9/6/2030,Headphones,Accessories,East,3,384,45.99,2030,June,Q2,0.119765625
10/6/2030,Printer,Office,West,5,535,43.47,2030,June,Q2,0.081252336
11/6/2030,Headphones,Accessories,North,9,7992,1979.53,2030,June,Q2,0.247688939
12/6/2030,Mouse,Accessories,North,7,3892,350.57,2030,June,Q2,0.090074512
13-06-2030,Tablet,Electronics,East,3,2637,468.6,2030,June,Q2,0.177701934
14-06-2030,Mouse,Accessories,South,8,8664,2349.68,2030,June,Q2,0.271200369
15-06-2030,Smartwatch,Electronics,South,6,918,116.87,2030,June,Q2,0.127309368
16-06-2030,Monitor,Accessories,West,5,5625,1006.95,2030,June,Q2,0.179013333
17-06-2030,Tablet,Electronics,West,6,6030,511.7,2030,June,Q2,0.084859038
18-06-2030,Printer,Office,West,8,432,98.44,2030,June,Q2,0.22787037
19-06-2030,Laptop,Electronics,South,6,1884,190.58,2030,June,Q2,0.101157113
20-06-2030,Laptop,Electronics,East,9,9225,2526.27,2030,June,Q2,0.273850407
21-06-2030,Printer,Office,North,2,954,71,2030,June,Q2,0.07442348
22-06-2030,Smartwatch,Electronics,West,8,7072,1983.42,2030,June,Q2,0.280460973
23-06-2030,Smartphone,Electronics,North,3,342,89.67,2030,June,Q2,0.262192982
24-06-2030,Printer,Office,South,4,2440,410.86,2030,June,Q2,0.168385246
25-06-2030,Mouse,Accessories,South,5,510,82.47,2030,June,Q2,0.161705882
26-06-2030,Smartphone,Electronics,South,1,192,16.47,2030,June,Q2,0.08578125
27-06-2030,Mouse,Accessories,East,5,3600,712.3,2030,June,Q2,0.197861111
28-06-2030,Camera,Electronics,West,7,2597,766.32,2030,June,Q2,0.295078937
29-06-2030,Camera,Electronics,East,4,772,215.62,2030,June,Q2,0.279300518
30-06-2030,Mouse,Accessories,West,2,646,180.5,2030,June,Q2,0.279411765
1/7/2030,Smartphone,Electronics,East,7,2947,809.46,2030,July,Q3,0.274672548
2/7/2030,Laptop,Electronics,South,5,880,255.9,2030,July,Q3,0.290795455
3/7/2030,Camera,Electronics,West,3,1038,219.69,2030,July,Q3,0.211647399
4/7/2030,Printer,Office,West,1,714,209.69,2030,July,Q3,0.293683473
5/7/2030,Laptop,Electronics,South,4,1792,506.56,2030,July,Q3,0.282678571
6/7/2030,Headphones,Accessories,East,6,5874,1386.51,2030,July,Q3,0.236041879
7/7/2030,Smartwatch,Electronics,East,6,2496,332.08,2030,July,Q3,0.133044872
8/7/2030,Smartwatch,Electronics,West,3,795,60.34,2030,July,Q3,0.075899371
9/7/2030,Smartphone,Electronics,East,7,7238,1597.03,2030,July,Q3,0.220645206
10/7/2030,Tablet,Electronics,South,1,430,83.33,2030,July,Q3,0.193790698
11/7/2030,Headphones,Accessories,West,4,1728,239.64,2030,July,Q3,0.138680556
12/7/2030,Monitor,Accessories,South,3,1833,314.79,2030,July,Q3,0.171734861
13-07-2030,Monitor,Accessories,North,7,7280,1682.79,2030,July,Q3,0.231152473
14-07-2030,Smartwatch,Electronics,South,1,814,197.91,2030,July,Q3,0.243132678
15-07-2030,Printer,Office,South,8,4696,410.03,2030,July,Q3,0.087314736
16-07-2030,Mouse,Accessories,South,5,1190,235.64,2030,July,Q3,0.198016807
17-07-2030,Printer,Office,East,1,591,39.06,2030,July,Q3,0.066091371
18-07-2030,Mouse,Accessories,North,9,8100,2203.56,2030,July,Q3,0.272044444
19-07-2030,Laptop,Electronics,South,6,1500,183.31,2030,July,Q3,0.122206667
20-07-2030,Smartwatch,Electronics,North,2,300,48.69,2030,July,Q3,0.1623
21-07-2030,Smartwatch,Electronics,North,9,1098,106.97,2030,July,Q3,0.097422587
22-07-2030,Monitor,Accessories,West,4,2336,509.49,2030,July,Q3,0.218103596
23-07-2030,Camera,Electronics,North,5,410,40.96,2030,July,Q3,0.099902439
24-07-2030,Mouse,Accessories,South,9,594,51.49,2030,July,Q3,0.086683502
25-07-2030,Smartwatch,Electronics,East,2,218,38.93,2030,July,Q3,0.178577982
26-07-2030,Tablet,Electronics,South,2,1298,123.9,2030,July,Q3,0.095454545
27-07-2030,Tablet,Electronics,North,5,895,180.64,2030,July,Q3,0.201832402
28-07-2030,Keyboard,Accessories,West,4,2828,539.43,2030,July,Q3,0.19074611
29-07-2030,Tablet,Electronics,West,3,813,188.94,2030,July,Q3,0.232398524
30-07-2030,Monitor,Accessories,West,4,1800,170.19,2030,July,Q3,0.09455
31-07-2030,Tablet,Electronics,West,1,99,12.79,2030,July,Q3,0.129191919
1/8/2030,Headphones,Accessories,West,8,7576,1703.42,2030,August,Q3,0.224844245
2/8/2030,Smartwatch,Electronics,East,3,1317,71.02,2030,August,Q3,0.053925588
3/8/2030,Smartwatch,Electronics,West,3,957,120.27,2030,August,Q3,0.125673981
4/8/2030,Mouse,Accessories,South,4,1316,244.13,2030,August,Q3,0.185509119
5/8/2030,Headphones,Accessories,South,6,5346,351.93,2030,August,Q3,0.065830527
6/8/2030,Smartphone,Electronics,East,1,464,66.26,2030,August,Q3,0.142801724
7/8/2030,Keyboard,Accessories,North,7,3752,835.34,2030,August,Q3,0.222638593
8/8/2030,Keyboard,Accessories,West,6,1962,301.57,2030,August,Q3,0.153705403
9/8/2030,Smartphone,Electronics,South,6,2310,202.98,2030,August,Q3,0.08787013
10/8/2030,Tablet,Electronics,East,4,3028,685.23,2030,August,Q3,0.226297886
11/8/2030,Monitor,Accessories,North,3,2994,877.92,2030,August,Q3,0.293226453
12/8/2030,Tablet,Electronics,South,3,3393,313.45,2030,August,Q3,0.092381373
13-08-2030,Camera,Electronics,North,3,1209,320.61,2030,August,Q3,0.265186104
14-08-2030,Keyboard,Accessories,East,8,5784,1276.57,2030,August,Q3,0.220707123
15-08-2030,Laptop,Electronics,West,9,3078,285.05,2030,August,Q3,0.092608837
16-08-2030,Printer,Office,South,4,2464,602.3,2030,August,Q3,0.244439935
17-08-2030,Camera,Electronics,West,5,2445,146.6,2030,August,Q3,0.0599591
18-08-2030,Keyboard,Accessories,North,8,5312,841.13,2030,August,Q3,0.158345256
19-08-2030,Keyboard,Accessories,South,1,657,101.85,2030,August,Q3,0.155022831
20-08-2030,Keyboard,Accessories,South,3,2580,173.89,2030,August,Q3,0.067399225
21-08-2030,Laptop,Electronics,East,8,4624,893.74,2030,August,Q3,0.193282872
22-08-2030,Smartwatch,Electronics,North,2,1258,146.7,2030,August,Q3,0.116613672
23-08-2030,Camera,Electronics,East,7,6468,398.23,2030,August,Q3,0.061569264
24-08-2030,Monitor,Accessories,West,3,1359,152.85,2030,August,Q3,0.112472406
25-08-2030,Laptop,Electronics,North,1,104,18.67,2030,August,Q3,0.179519231
26-08-2030,Headphones,Accessories,South,3,1785,93.17,2030,August,Q3,0.052196078
27-08-2030,Monitor,Accessories,North,8,7728,1748.26,2030,August,Q3,0.22622412
28-08-2030,Smartphone,Electronics,West,6,4188,1231.16,2030,August,Q3,0.293973257
29-08-2030,Smartwatch,Electronics,South,8,3520,359.84,2030,August,Q3,0.102227273
30-08-2030,Camera,Electronics,East,3,2280,365.17,2030,August,Q3,0.160162281
31-08-2030,Printer,Office,North,9,2484,655.54,2030,August,Q3,0.263904992
1/9/2030,Tablet,Electronics,West,3,1248,348.19,2030,September,Q3,0.278998397
2/9/2030,Smartwatch,Electronics,West,2,850,59.92,2030,September,Q3,0.070494118
3/9/2030,Printer,Office,East,4,1412,150.13,2030,September,Q3,0.106324363
4/9/2030,Headphones,Accessories,North,1,465,26.5,2030,September,Q3,0.056989247
5/9/2030,Printer,Office,West,1,293,29.58,2030,September,Q3,0.100955631
6/9/2030,Tablet,Electronics,North,9,9234,2523.67,2030,September,Q3,0.273301928
7/9/2030,Tablet,Electronics,North,2,1298,239.45,2030,September,Q3,0.184476117
8/9/2030,Printer,Office,East,9,9477,2443.62,2030,September,Q3,0.25784742
9/9/2030,Printer,Office,South,7,6713,457.99,2030,September,Q3,0.068224341
10/9/2030,Laptop,Electronics,South,5,5700,999.26,2030,September,Q3,0.175308772
11/9/2030,Camera,Electronics,West,6,4146,700.46,2030,September,Q3,0.168948384
12/9/2030,Tablet,Electronics,North,8,6968,704.55,2030,September,Q3,0.101112227
13-09-2030,Camera,Electronics,East,2,1054,243.5,2030,September,Q3,0.231024668
14-09-2030,Keyboard,Accessories,West,3,1983,453.09,2030,September,Q3,0.228487141
15-09-2030,Keyboard,Accessories,South,5,875,70.72,2030,September,Q3,0.080822857
16-09-2030,Printer,Office,North,2,268,63.01,2030,September,Q3,0.23511194
17-09-2030,Headphones,Accessories,West,6,5370,1045.1,2030,September,Q3,0.19461825
18-09-2030,Monitor,Accessories,West,8,3624,1071.43,2030,September,Q3,0.295648455
19-09-2030,Smartwatch,Electronics,West,4,1932,301.16,2030,September,Q3,0.155879917
20-09-2030,Smartphone,Electronics,North,7,6020,384.74,2030,September,Q3,0.063910299
21-09-2030,Headphones,Accessories,East,5,1775,234.67,2030,September,Q3,0.132208451
22-09-2030,Smartwatch,Electronics,West,3,1488,382.09,2030,September,Q3,0.256780914
23-09-2030,Keyboard,Accessories,East,6,6720,1113.56,2030,September,Q3,0.165708333
24-09-2030,Mouse,Accessories,East,7,5047,1356.23,2030,September,Q3,0.268720032
25-09-2030,Tablet,Electronics,East,5,3735,957.13,2030,September,Q3,0.256259705
26-09-2030,Keyboard,Accessories,East,5,1250,120.74,2030,September,Q3,0.096592
27-09-2030,Tablet,Electronics,North,7,2751,548.05,2030,September,Q3,0.199218466
28-09-2030,Laptop,Electronics,East,9,468,58.98,2030,September,Q3,0.126025641
29-09-2030,Printer,Office,North,4,632,114.82,2030,September,Q3,0.181677215
30-09-2030,Keyboard,Accessories,South,7,798,219.2,2030,September,Q3,0.274686717
1/10/2030,Smartwatch,Electronics,South,5,1295,104.26,2030,October,Q4,0.080509653
2/10/2030,Camera,Electronics,West,4,3360,540.38,2030,October,Q4,0.160827381
3/10/2030,Camera,Electronics,North,5,995,206.95,2030,October,Q4,0.20798995
4/10/2030,Smartwatch,Electronics,East,5,550,28.72,2030,October,Q4,0.052218182
5/10/2030,Monitor,Accessories,West,8,5384,724.8,2030,October,Q4,0.1346211
6/10/2030,Printer,Office,East,3,3534,489.06,2030,October,Q4,0.138387097
7/10/2030,Smartphone,Electronics,West,9,6813,890.05,2030,October,Q4,0.130639953
8/10/2030,Smartwatch,Electronics,East,6,5508,1632.37,2030,October,Q4,0.296363471
9/10/2030,Headphones,Accessories,East,1,966,202.53,2030,October,Q4,0.209658385
10/10/2030,Mouse,Accessories,South,4,460,92.24,2030,October,Q4,0.200521739
11/10/2030,Smartphone,Electronics,North,6,7026,459.4,2030,October,Q4,0.06538571
12/10/2030,Smartphone,Electronics,South,5,910,116.47,2030,October,Q4,0.127989011
13-10-2030,Monitor,Accessories,West,9,5796,1729.18,2030,October,Q4,0.298340235
14-10-2030,Monitor,Accessories,North,3,1050,292.64,2030,October,Q4,0.278704762
15-10-2030,Mouse,Accessories,West,1,1043,151.13,2030,October,Q4,0.144899329
16-10-2030,Printer,Office,South,3,3330,503.85,2030,October,Q4,0.151306306
17-10-2030,Mouse,Accessories,East,8,1896,448.53,2030,October,Q4,0.236566456
18-10-2030,Camera,Electronics,West,5,5170,1248.66,2030,October,Q4,0.241520309
19-10-2030,Printer,Office,North,2,466,25.04,2030,October,Q4,0.053733906
20-10-2030,Mouse,Accessories,North,8,6032,1636.61,2030,October,Q4,0.271321286
21-10-2030,Camera,Electronics,South,1,1084,103.06,2030,October,Q4,0.095073801
22-10-2030,Keyboard,Accessories,North,2,490,45.34,2030,October,Q4,0.092530612
23-10-2030,Monitor,Accessories,North,6,558,57.01,2030,October,Q4,0.102168459
24-10-2030,Monitor,Accessories,East,4,4024,787.06,2030,October,Q4,0.195591451
25-10-2030,Mouse,Accessories,East,4,1560,461.15,2030,October,Q4,0.295608974
26-10-2030,Laptop,Electronics,North,1,126,26.62,2030,October,Q4,0.211269841
27-10-2030,Mouse,Accessories,South,7,4921,827.87,2030,October,Q4,0.168232067
28-10-2030,Headphones,Accessories,West,5,2665,532.76,2030,October,Q4,0.199909944
29-10-2030,Headphones,Accessories,South,4,200,58.42,2030,October,Q4,0.2921
30-10-2030,Smartwatch,Electronics,East,2,186,32.48,2030,October,Q4,0.174623656
31-10-2030,Monitor,Accessories,South,8,5456,898.06,2030,October,Q4,0.16460044
1/11/2030,Smartwatch,Electronics,West,9,3321,540.67,2030,November,Q4,0.162803372
2/11/2030,Headphones,Accessories,North,7,3766,914.49,2030,November,Q4,0.242827934
3/11/2030,Keyboard,Accessories,West,6,3150,498.63,2030,November,Q4,0.158295238
4/11/2030,Laptop,Electronics,East,2,646,110.13,2030,November,Q4,0.170479876
5/11/2030,Smartphone,Electronics,South,5,2665,369.73,2030,November,Q4,0.13873546
6/11/2030,Smartwatch,Electronics,North,9,1467,384.22,2030,November,Q4,0.261908657
7/11/2030,Tablet,Electronics,North,7,4620,990.79,2030,November,Q4,0.21445671
8/11/2030,Tablet,Electronics,West,8,1184,148.69,2030,November,Q4,0.12558277
9/11/2030,Camera,Electronics,East,1,113,20.07,2030,November,Q4,0.177610619
10/11/2030,Printer,Office,East,8,3336,492.76,2030,November,Q4,0.147709832
11/11/2030,Smartphone,Electronics,South,4,4224,477.33,2030,November,Q4,0.113004261
12/11/2030,Headphones,Accessories,North,3,1098,144.24,2030,November,Q4,0.13136612
13-11-2030,Camera,Electronics,South,8,4400,351.82,2030,November,Q4,0.079959091
14-11-2030,Printer,Office,North,8,5616,723.42,2030,November,Q4,0.128814103
15-11-2030,Printer,Office,North,7,4676,520.38,2030,November,Q4,0.111287425
16-11-2030,Smartwatch,Electronics,North,2,2370,641.23,2030,November,Q4,0.270561181
17-11-2030,Mouse,Accessories,West,7,4487,688.76,2030,November,Q4,0.153501226
18-11-2030,Camera,Electronics,North,6,6384,1754.15,2030,November,Q4,0.27477287
19-11-2030,Keyboard,Accessories,South,8,2960,878.11,2030,November,Q4,0.296658784
20-11-2030,Smartwatch,Electronics,East,1,897,250.78,2030,November,Q4,0.279576366
21-11-2030,Smartphone,Electronics,East,2,1178,120.51,2030,November,Q4,0.102300509
22-11-2030,Smartwatch,Electronics,East,2,1026,64.51,2030,November,Q4,0.062875244
23-11-2030,Printer,Office,South,1,1148,89.04,2030,November,Q4,0.077560976
24-11-2030,Printer,Office,West,7,3185,765.41,2030,November,Q4,0.240317111
25-11-2030,Smartphone,Electronics,East,7,5180,463.35,2030,November,Q4,0.089449807
26-11-2030,Headphones,Accessories,South,5,2025,295.13,2030,November,Q4,0.14574321
27-11-2030,Tablet,Electronics,North,9,1359,187.72,2030,November,Q4,0.138130979
28-11-2030,Camera,Electronics,South,4,1836,462.52,2030,November,Q4,0.251917211
29-11-2030,Tablet,Electronics,West,2,702,112.04,2030,November,Q4,0.15960114
30-11-2030,Smartphone,Electronics,West,8,6576,1337.38,2030,November,Q4,0.203372871
1/12/2030,Smartwatch,Electronics,West,2,1428,398.24,2030,December,Q4,0.278879552
2/12/2030,Camera,Electronics,North,7,6853,1259.03,2030,December,Q4,0.183719539
3/12/2030,Camera,Electronics,West,2,1492,276.56,2030,December,Q4,0.18536193
4/12/2030,Printer,Office,North,6,1938,146.73,2030,December,Q4,0.075712074
5/12/2030,Camera,Electronics,South,5,905,70.91,2030,December,Q4,0.078353591
6/12/2030,Printer,Office,North,3,2571,510.01,2030,December,Q4,0.198370284
7/12/2030,Tablet,Electronics,West,4,1500,127.81,2030,December,Q4,0.085206667
8/12/2030,Smartwatch,Electronics,South,9,8712,1034.27,2030,December,Q4,0.11871786
9/12/2030,Monitor,Accessories,East,4,1308,368.28,2030,December,Q4,0.281559633
10/12/2030,Smartphone,Electronics,South,4,2648,707.32,2030,December,Q4,0.267114804
11/12/2030,Camera,Electronics,South,9,9810,1666.96,2030,December,Q4,0.169924567
12/12/2030,Headphones,Accessories,North,3,3291,274.1,2030,December,Q4,0.083287754
13-12-2030,Smartwatch,Electronics,North,1,758,96.44,2030,December,Q4,0.127229551
14-12-2030,Keyboard,Accessories,East,7,2436,715.14,2030,December,Q4,0.293571429
15-12-2030,Smartwatch,Electronics,North,7,560,163.16,2030,December,Q4,0.291357143
16-12-2030,Smartphone,Electronics,West,8,4240,519.72,2030,December,Q4,0.122575472
17-12-2030,Monitor,Accessories,East,8,5416,403.52,2030,December,Q4,0.07450517
18-12-2030,Smartphone,Electronics,East,8,1728,477.7,2030,December,Q4,0.276446759
19-12-2030,Keyboard,Accessories,West,9,6309,801.15,2030,December,Q4,0.126985259
20-12-2030,Keyboard,Accessories,North,8,3400,758.57,2030,December,Q4,0.223108824
21-12-2030,Laptop,Electronics,East,1,403,72.45,2030,December,Q4,0.179776675
22-12-2030,Keyboard,Accessories,South,4,2108,375.62,2030,December,Q4,0.178187856
23-12-2030,Headphones,Accessories,West,2,1090,296.12,2030,December,Q4,0.271669725
24-12-2030,Keyboard,Accessories,North,7,1274,317.92,2030,December,Q4,0.249544741
25-12-2030,Mouse,Accessories,South,3,1056,70.54,2030,December,Q4,0.066799242
26-12-2030,Mouse,Accessories,North,9,5247,921.09,2030,December,Q4,0.175546026
27-12-2030,Mouse,Accessories,West,7,6006,1595.22,2030,December,Q4,0.265604396
28-12-2030,Monitor,Accessories,West,5,5415,1261.65,2030,December,Q4,0.23299169
29-12-2030,Smartphone,Electronics,West,1,632,81.54,2030,December,Q4,0.129018987
30-12-2030,Printer,Office,West,8,6160,947.96,2030,December,Q4,0.15388961
31-12-2030,Printer,Office,South,1,857,172.91,2030,December,Q4,0.20176196
1/1/2031,Tablet,Electronics,East,1,169,22.99,2031,January,Q1,0.136035503
2/1/2031,Tablet,Electronics,West,7,1463,175.13,2031,January,Q1,0.119706083
3/1/2031,Camera,Electronics,East,8,7528,1283.07,2031,January,Q1,0.170439692
4/1/2031,Smartwatch,Electronics,West,2,1158,227.61,2031,January,Q1,0.196554404
5/1/2031,Monitor,Accessories,West,4,200,20.25,2031,January,Q1,0.10125
6/1/2031,Smartphone,Electronics,West,2,1514,180.67,2031,January,Q1,0.119332893
7/1/2031,Smartwatch,Electronics,South,7,2632,738.93,2031,January,Q1,0.28074848
8/1/2031,Keyboard,Accessories,North,1,358,77.84,2031,January,Q1,0.217430168
9/1/2031,Camera,Electronics,East,8,2360,653.3,2031,January,Q1,0.276822034
10/1/2031,Keyboard,Accessories,South,5,5275,594.29,2031,January,Q1,0.112661611
11/1/2031,Monitor,Accessories,East,9,1719,251.85,2031,January,Q1,0.146509599
12/1/2031,Smartphone,Electronics,West,6,1956,434.03,2031,January,Q1,0.221896728
13-01-2031,Keyboard,Accessories,West,3,1875,152.07,2031,January,Q1,0.081104
14-01-2031,Monitor,Accessories,South,4,984,157.72,2031,January,Q1,0.160284553
15-01-2031,Camera,Electronics,South,4,3616,789.63,2031,January,Q1,0.218371128
16-01-2031,Tablet,Electronics,West,5,4560,1180.8,2031,January,Q1,0.258947368
17-01-2031,Smartphone,Electronics,West,8,7496,2019.32,2031,January,Q1,0.269386339
18-01-2031,Camera,Electronics,North,5,5070,889.97,2031,January,Q1,0.175536489
19-01-2031,Smartwatch,Electronics,North,5,4505,1351.28,2031,January,Q1,0.299951165
20-01-2031,Tablet,Electronics,South,2,1916,503.83,2031,January,Q1,0.26295929
21-01-2031,Camera,Electronics,West,7,8113,1103.57,2031,January,Q1,0.136024898
22-01-2031,Laptop,Electronics,North,9,1809,392.44,2031,January,Q1,0.216937535
23-01-2031,Laptop,Electronics,South,3,1227,229.75,2031,January,Q1,0.187245314
24-01-2031,Laptop,Electronics,South,6,2040,124.65,2031,January,Q1,0.061102941
25-01-2031,Tablet,Electronics,West,6,6324,629.2,2031,January,Q1,0.099493991
26-01-2031,Printer,Office,North,3,2724,521.24,2031,January,Q1,0.191350954
27-01-2031,Laptop,Electronics,South,1,1188,110.32,2031,January,Q1,0.092861953
28-01-2031,Keyboard,Accessories,East,8,8776,1561.07,2031,January,Q1,0.177879444
29-01-2031,Laptop,Electronics,South,9,5553,1432.76,2031,January,Q1,0.258015487
30-01-2031,Smartphone,Electronics,South,2,970,262.19,2031,January,Q1,0.270298969
31-01-2031,Keyboard,Accessories,South,5,940,56.7,2031,January,Q1,0.060319149
1/2/2031,Printer,Office,East,1,1175,171.51,2031,February,Q1,0.145965957
2/2/2031,Laptop,Electronics,East,9,4860,1425.54,2031,February,Q1,0.293320988
3/2/2031,Headphones,Accessories,North,1,987,207.69,2031,February,Q1,0.210425532
4/2/2031,Camera,Electronics,East,7,2968,485.13,2031,February,Q1,0.163453504
5/2/2031,Mouse,Accessories,East,3,2172,364.77,2031,February,Q1,0.167941989
6/2/2031,Headphones,Accessories,South,7,3941,628.96,2031,February,Q1,0.159594012
7/2/2031,Headphones,Accessories,North,7,2261,566.36,2031,February,Q1,0.250490933
8/2/2031,Smartwatch,Electronics,West,9,8802,2519.93,2031,February,Q1,0.286290616
9/2/2031,Printer,Office,South,5,3025,172.43,2031,February,Q1,0.057001653
10/2/2031,Printer,Office,North,4,4428,600.55,2031,February,Q1,0.135625565
11/2/2031,Mouse,Accessories,West,9,7344,1417.84,2031,February,Q1,0.193061002
12/2/2031,Keyboard,Accessories,East,4,2236,167.78,2031,February,Q1,0.075035778
13-02-2031,Smartphone,Electronics,South,8,536,57.08,2031,February,Q1,0.106492537
14-02-2031,Monitor,Accessories,North,5,1980,249.22,2031,February,Q1,0.125868687
15-02-2031,Printer,Office,East,6,2100,202.86,2031,February,Q1,0.0966
16-02-2031,Smartwatch,Electronics,West,3,1497,122.76,2031,February,Q1,0.082004008
17-02-2031,Laptop,Electronics,North,6,4200,1013.7,2031,February,Q1,0.241357143
18-02-2031,Headphones,Accessories,South,2,1242,191.82,2031,February,Q1,0.154444444
19-02-2031,Smartwatch,Electronics,South,5,1570,312.81,2031,February,Q1,0.199242038
20-02-2031,Monitor,Accessories,East,4,428,86.62,2031,February,Q1,0.202383178
21-02-2031,Printer,Office,South,1,914,270.74,2031,February,Q1,0.296214442
22-02-2031,Tablet,Electronics,North,3,465,98.93,2031,February,Q1,0.212752688
23-02-2031,Smartwatch,Electronics,North,2,1062,83.49,2031,February,Q1,0.078615819
24-02-2031,Camera,Electronics,South,8,8720,1984.11,2031,February,Q1,0.22753555
25-02-2031,Mouse,Accessories,South,6,1308,343.61,2031,February,Q1,0.262698777
26-02-2031,Headphones,Accessories,South,9,8514,1291.97,2031,February,Q1,0.151746535
27-02-2031,Tablet,Electronics,North,2,1212,151.07,2031,February,Q1,0.124645215
28-02-2031,Headphones,Accessories,West,4,2576,503.57,2031,February,Q1,0.195485248
1/3/2031,Keyboard,Accessories,East,8,4800,606.19,2031,March,Q1,0.126289583
2/3/2031,Smartwatch,Electronics,East,5,1440,274.54,2031,March,Q1,0.190652778
3/3/2031,Smartwatch,Electronics,North,9,10251,737.45,2031,March,Q1,0.071939323
4/3/2031,Smartphone,Electronics,North,7,3038,570.98,2031,March,Q1,0.187946017
5/3/2031,Monitor,Accessories,West,9,6993,1945.56,2031,March,Q1,0.278215358
6/3/2031,Monitor,Accessories,East,4,1632,247.88,2031,March,Q1,0.151887255
7/3/2031,Keyboard,Accessories,East,9,5706,1704.8,2031,March,Q1,0.298773221
8/3/2031,Camera,Electronics,North,9,9657,1187.22,2031,March,Q1,0.122938801
9/3/2031,Smartwatch,Electronics,East,5,4405,450.83,2031,March,Q1,0.102345062
10/3/2031,Keyboard,Accessories,East,4,1720,360.78,2031,March,Q1,0.209755814
11/3/2031,Camera,Electronics,South,7,4557,234.62,2031,March,Q1,0.051485627
12/3/2031,Headphones,Accessories,West,7,2380,431.43,2031,March,Q1,0.181273109
13-03-2031,Headphones,Accessories,North,8,456,74.99,2031,March,Q1,0.164451754
14-03-2031,Camera,Electronics,East,6,6534,355.03,2031,March,Q1,0.054335782
15-03-2031,Smartphone,Electronics,North,6,3456,307.46,2031,March,Q1,0.08896412
16-03-2031,Keyboard,Accessories,West,9,8163,2352.46,2031,March,Q1,0.288185716
17-03-2031,Headphones,Accessories,North,6,4656,601.71,2031,March,Q1,0.129233247
18-03-2031,Smartphone,Electronics,West,2,966,241.54,2031,March,Q1,0.250041408
19-03-2031,Mouse,Accessories,East,4,2580,669.67,2031,March,Q1,0.259562016
20-03-2031,Camera,Electronics,South,9,8127,1906.5,2031,March,Q1,0.234588409
21-03-2031,Smartwatch,Electronics,South,4,2128,614.05,2031,March,Q1,0.288557331
22-03-2031,Smartphone,Electronics,South,9,6417,1100.52,2031,March,Q1,0.171500701
23-03-2031,Keyboard,Accessories,East,7,3997,494.78,2031,March,Q1,0.123787841
24-03-2031,Laptop,Electronics,West,1,879,149.52,2031,March,Q1,0.170102389
25-03-2031,Laptop,Electronics,North,3,2415,538.39,2031,March,Q1,0.222935818
26-03-2031,Camera,Electronics,West,4,1064,314.84,2031,March,Q1,0.295902256
27-03-2031,Mouse,Accessories,South,4,1156,326.92,2031,March,Q1,0.282802768
28-03-2031,Smartphone,Electronics,North,1,1184,218.27,2031,March,Q1,0.184349662
29-03-2031,Keyboard,Accessories,South,3,1950,211.16,2031,March,Q1,0.108287179
30-03-2031,Laptop,Electronics,South,4,1088,295.09,2031,March,Q1,0.271222426
31-03-2031,Printer,Office,South,6,4380,522.3,2031,March,Q1,0.119246575
1/4/2031,Camera,Electronics,South,1,998,196.17,2031,April,Q2,0.196563126
2/4/2031,Smartphone,Electronics,East,6,5766,675.17,2031,April,Q2,0.11709504
3/4/2031,Tablet,Electronics,West,6,3120,274.65,2031,April,Q2,0.088028846
4/4/2031,Printer,Office,East,7,637,68.11,2031,April,Q2,0.106923077
5/4/2031,Laptop,Electronics,West,6,3306,697.74,2031,April,Q2,0.211052632
6/4/2031,Monitor,Accessories,South,6,7020,726.72,2031,April,Q2,0.103521368
7/4/2031,Camera,Electronics,South,7,5971,502.14,2031,April,Q2,0.084096466
8/4/2031,Laptop,Electronics,North,2,750,77.68,2031,April,Q2,0.103573333
9/4/2031,Tablet,Electronics,North,3,2379,523,2031,April,Q2,0.219840269
10/4/2031,Camera,Electronics,North,1,699,108.94,2031,April,Q2,0.155851216
11/4/2031,Camera,Electronics,West,9,6876,1895.24,2031,April,Q2,0.275631181
12/4/2031,Monitor,Accessories,North,8,1800,494.02,2031,April,Q2,0.274455556
13-04-2031,Tablet,Electronics,South,5,1255,236.25,2031,April,Q2,0.188247012
14-04-2031,Smartwatch,Electronics,East,9,1998,343.58,2031,April,Q2,0.171961962
15-04-2031,Headphones,Accessories,East,1,307,80.19,2031,April,Q2,0.261205212
16-04-2031,Printer,Office,West,1,235,54.87,2031,April,Q2,0.233489362
17-04-2031,Monitor,Accessories,South,6,1506,407.73,2031,April,Q2,0.270737052
18-04-2031,Tablet,Electronics,North,8,2464,216.51,2031,April,Q2,0.087869318
19-04-2031,Smartwatch,Electronics,South,2,322,42.03,2031,April,Q2,0.13052795
20-04-2031,Printer,Office,West,4,1100,100.02,2031,April,Q2,0.090927273
21-04-2031,Keyboard,Accessories,South,4,2188,265.54,2031,April,Q2,0.121361974
22-04-2031,Printer,Office,West,9,2934,473.34,2031,April,Q2,0.161329243
23-04-2031,Headphones,Accessories,South,8,9224,514.06,2031,April,Q2,0.055730703
24-04-2031,Monitor,Accessories,East,4,2436,142.81,2031,April,Q2,0.058624795
25-04-2031,Smartwatch,Electronics,West,4,972,97.55,2031,April,Q2,0.100360082
26-04-2031,Laptop,Electronics,South,6,5484,540.4,2031,April,Q2,0.098541211
27-04-2031,Camera,Electronics,West,8,3152,337.36,2031,April,Q2,0.107030457
28-04-2031,Keyboard,Accessories,East,8,6032,870.17,2031,April,Q2,0.144258952
29-04-2031,Camera,Electronics,West,7,6384,1324.49,2031,April,Q2,0.207470238
30-04-2031,Printer,Office,East,5,3705,707.08,2031,April,Q2,0.190844804
1/5/2031,Smartwatch,Electronics,South,6,5580,394.03,2031,May,Q2,0.070614695
2/5/2031,Camera,Electronics,East,2,1236,120.74,2031,May,Q2,0.097686084
3/5/2031,Camera,Electronics,North,8,7040,1969.93,2031,May,Q2,0.279819602
4/5/2031,Camera,Electronics,East,9,909,138.04,2031,May,Q2,0.151859186
5/5/2031,Mouse,Accessories,South,1,106,7.24,2031,May,Q2,0.068301887
6/5/2031,Smartwatch,Electronics,South,1,281,67.85,2031,May,Q2,0.241459075
7/5/2031,Camera,Electronics,East,6,6768,1851.01,2031,May,Q2,0.273494385
8/5/2031,Laptop,Electronics,West,6,4302,276.35,2031,May,Q2,0.064237564
9/5/2031,Smartphone,Electronics,North,9,7146,2125.44,2031,May,Q2,0.29743073
10/5/2031,Smartphone,Electronics,South,3,582,48.08,2031,May,Q2,0.082611684
11/5/2031,Headphones,Accessories,North,6,576,162.75,2031,May,Q2,0.282552083
12/5/2031,Keyboard,Accessories,South,5,4265,796.12,2031,May,Q2,0.18666354
13-05-2031,Smartwatch,Electronics,East,8,5368,333.53,2031,May,Q2,0.06213301
14-05-2031,Headphones,Accessories,South,1,314,66.23,2031,May,Q2,0.210923567
15-05-2031,Tablet,Electronics,West,6,2676,646.7,2031,May,Q2,0.241666667
16-05-2031,Laptop,Electronics,North,4,3384,947.52,2031,May,Q2,0.28
17-05-2031,Mouse,Accessories,West,6,3186,794.94,2031,May,Q2,0.249510358
18-05-2031,Smartwatch,Electronics,South,4,1832,528.69,2031,May,Q2,0.288586245
19-05-2031,Printer,Office,South,8,4784,769.91,2031,May,Q2,0.160934365
20-05-2031,Tablet,Electronics,West,1,381,63.18,2031,May,Q2,0.165826772
21-05-2031,Smartphone,Electronics,South,9,4527,677.34,2031,May,Q2,0.149622266
22-05-2031,Printer,Office,South,4,1612,240.42,2031,May,Q2,0.149143921
23-05-2031,Printer,Office,East,2,1918,435.56,2031,May,Q2,0.227090719
24-05-2031,Camera,Electronics,East,1,179,42.37,2031,May,Q2,0.236703911
25-05-2031,Smartwatch,Electronics,West,3,3153,224.29,2031,May,Q2,0.071135427
26-05-2031,Tablet,Electronics,East,8,3864,855.75,2031,May,Q2,0.221467391
27-05-2031,Printer,Office,South,5,2440,570.78,2031,May,Q2,0.23392623
28-05-2031,Camera,Electronics,South,6,3660,675.38,2031,May,Q2,0.184530055
29-05-2031,Smartwatch,Electronics,East,3,318,49.93,2031,May,Q2,0.157012579
30-05-2031,Mouse,Accessories,South,3,483,63.27,2031,May,Q2,0.130993789
31-05-2031,Headphones,Accessories,North,6,6774,960.41,2031,May,Q2,0.14177886
1/6/2031,Monitor,Accessories,West,5,5310,806.12,2031,June,Q2,0.151811676
2/6/2031,Keyboard,Accessories,West,6,5154,779.43,2031,June,Q2,0.151228172
3/6/2031,Keyboard,Accessories,East,9,6741,823.17,2031,June,Q2,0.12211393
4/6/2031,Camera,Electronics,North,2,520,61.33,2031,June,Q2,0.117942308
5/6/2031,Tablet,Electronics,East,7,1120,111.79,2031,June,Q2,0.0998125
6/6/2031,Keyboard,Accessories,East,1,911,155.3,2031,June,Q2,0.170472009
7/6/2031,Monitor,Accessories,South,8,1064,190.73,2031,June,Q2,0.179257519
8/6/2031,Laptop,Electronics,North,7,1981,404.3,2031,June,Q2,0.204088844
9/6/2031,Camera,Electronics,South,5,4280,540.47,2031,June,Q2,0.126278037
10/6/2031,Smartwatch,Electronics,South,5,5125,268.39,2031,June,Q2,0.05236878
11/6/2031,Monitor,Accessories,West,7,1575,313.96,2031,June,Q2,0.199339683
12/6/2031,Tablet,Electronics,East,9,9972,1868.64,2031,June,Q2,0.187388688
13-06-2031,Smartphone,Electronics,East,8,4576,900.04,2031,June,Q2,0.196687063
14-06-2031,Monitor,Accessories,South,7,6559,1141.32,2031,June,Q2,0.174008233
15-06-2031,Tablet,Electronics,South,1,619,35.36,2031,June,Q2,0.057124394
16-06-2031,Headphones,Accessories,West,8,2488,151.95,2031,June,Q2,0.061073151
17-06-2031,Mouse,Accessories,West,4,2536,148.85,2031,June,Q2,0.058694795
18-06-2031,Tablet,Electronics,West,8,5416,297.5,2031,June,Q2,0.054929838
19-06-2031,Smartwatch,Electronics,East,2,2334,158.07,2031,June,Q2,0.067724936
20-06-2031,Camera,Electronics,East,9,1080,183.42,2031,June,Q2,0.169833333
21-06-2031,Tablet,Electronics,South,4,1324,127.07,2031,June,Q2,0.09597432
22-06-2031,Camera,Electronics,West,2,2304,444.08,2031,June,Q2,0.192743056
23-06-2031,Smartphone,Electronics,East,4,4736,1026.24,2031,June,Q2,0.216689189
24-06-2031,Mouse,Accessories,West,9,2925,457.49,2031,June,Q2,0.156406838
25-06-2031,Laptop,Electronics,East,9,6345,1627.26,2031,June,Q2,0.256463357
26-06-2031,Headphones,Accessories,East,9,4221,912.84,2031,June,Q2,0.216261549
27-06-2031,Headphones,Accessories,South,7,462,56.89,2031,June,Q2,0.123138528
28-06-2031,Monitor,Accessories,North,7,7588,1625.55,2031,June,Q2,0.21422641
29-06-2031,Keyboard,Accessories,North,6,5232,1270.64,2031,June,Q2,0.242859327
30-06-2031,Camera,Electronics,East,8,1440,402.06,2031,June,Q2,0.279208333
1/7/2031,Monitor,Accessories,North,2,1026,226.4,2031,July,Q3,0.220662768
2/7/2031,Camera,Electronics,North,7,7455,1008.42,2031,July,Q3,0.135267606
3/7/2031,Printer,Office,East,8,2456,404.35,2031,July,Q3,0.164637622
4/7/2031,Camera,Electronics,North,3,2859,404.56,2031,July,Q3,0.141504022
5/7/2031,Keyboard,Accessories,East,1,311,50.66,2031,July,Q3,0.162893891
6/7/2031,Printer,Office,East,9,1260,246.6,2031,July,Q3,0.195714286
7/7/2031,Keyboard,Accessories,South,1,466,102.48,2031,July,Q3,0.219914163
8/7/2031,Laptop,Electronics,West,3,867,58.2,2031,July,Q3,0.067128028
9/7/2031,Monitor,Accessories,South,6,3888,275.72,2031,July,Q3,0.070915638
10/7/2031,Tablet,Electronics,North,4,3032,347.2,2031,July,Q3,0.114511873
11/7/2031,Tablet,Electronics,North,7,4704,978.81,2031,July,Q3,0.208080357
12/7/2031,Printer,Office,West,3,3186,527.75,2031,July,Q3,0.165646579
13-07-2031,Printer,Office,North,9,6183,359.54,2031,July,Q3,0.058149765
14-07-2031,Smartwatch,Electronics,West,1,243,21.75,2031,July,Q3,0.089506173
15-07-2031,Smartphone,Electronics,North,3,897,235.67,2031,July,Q3,0.262731327
16-07-2031,Headphones,Accessories,West,9,4563,675.62,2031,July,Q3,0.14806487
17-07-2031,Laptop,Electronics,South,4,628,156.98,2031,July,Q3,0.249968153
18-07-2031,Monitor,Accessories,East,6,1050,172.83,2031,July,Q3,0.1646
19-07-2031,Monitor,Accessories,North,8,3032,278.85,2031,July,Q3,0.091968997
20-07-2031,Keyboard,Accessories,West,1,920,118.24,2031,July,Q3,0.128521739
21-07-2031,Laptop,Electronics,South,2,668,90.67,2031,July,Q3,0.135733533
22-07-2031,Mouse,Accessories,East,5,5990,1403.53,2031,July,Q3,0.234312187
23-07-2031,Tablet,Electronics,South,9,9324,1223.9,2031,July,Q3,0.131263406
24-07-2031,Keyboard,Accessories,East,8,5768,368.49,2031,July,Q3,0.063885229
25-07-2031,Laptop,Electronics,North,1,1123,318.09,2031,July,Q3,0.283250223
26-07-2031,Keyboard,Accessories,West,4,2336,453.04,2031,July,Q3,0.193938356
27-07-2031,Laptop,Electronics,West,6,438,26.03,2031,July,Q3,0.059429224
28-07-2031,Tablet,Electronics,North,6,5940,318.72,2031,July,Q3,0.053656566
29-07-2031,Camera,Electronics,West,3,1848,549.34,2031,July,Q3,0.297261905
30-07-2031,Keyboard,Accessories,North,3,2118,321.05,2031,July,Q3,0.151581681
31-07-2031,Smartphone,Electronics,North,3,231,36.73,2031,July,Q3,0.159004329
1/8/2031,Headphones,Accessories,South,6,978,182.46,2031,August,Q3,0.186564417
2/8/2031,Monitor,Accessories,North,5,4960,420.98,2031,August,Q3,0.084875
3/8/2031,Camera,Electronics,South,3,1377,330.44,2031,August,Q3,0.239970951
4/8/2031,Camera,Electronics,West,2,1958,227.77,2031,August,Q3,0.116327886
5/8/2031,Mouse,Accessories,West,7,5607,1288.04,2031,August,Q3,0.229719993
6/8/2031,Smartwatch,Electronics,South,6,3504,980.7,2031,August,Q3,0.279880137
7/8/2031,Mouse,Accessories,North,4,796,75.15,2031,August,Q3,0.094409548
8/8/2031,Monitor,Accessories,North,1,342,37.64,2031,August,Q3,0.11005848
9/8/2031,Monitor,Accessories,South,7,6769,1549.67,2031,August,Q3,0.228936327
10/8/2031,Headphones,Accessories,South,9,10080,1794.73,2031,August,Q3,0.178048611
11/8/2031,Smartwatch,Electronics,East,7,3948,758.36,2031,August,Q3,0.192087133
12/8/2031,Headphones,Accessories,South,4,1488,74.52,2031,August,Q3,0.050080645
13-08-2031,Mouse,Accessories,South,5,1200,201.8,2031,August,Q3,0.168166667
14-08-2031,Smartwatch,Electronics,North,4,4476,977.6,2031,August,Q3,0.218409294
15-08-2031,Monitor,Accessories,West,1,1178,292.15,2031,August,Q3,0.248005093
16-08-2031,Smartwatch,Electronics,South,8,2888,149.92,2031,August,Q3,0.051911357
17-08-2031,Smartphone,Electronics,South,6,1704,193.18,2031,August,Q3,0.113368545
18-08-2031,Printer,Office,West,8,4200,1017.94,2031,August,Q3,0.242366667
19-08-2031,Keyboard,Accessories,East,7,4417,562.79,2031,August,Q3,0.127414535
20-08-2031,Camera,Electronics,West,4,764,178.83,2031,August,Q3,0.234070681
21-08-2031,Headphones,Accessories,South,4,4000,964.43,2031,August,Q3,0.2411075
22-08-2031,Monitor,Accessories,East,9,2331,558,2031,August,Q3,0.239382239
23-08-2031,Mouse,Accessories,West,9,8172,1296.29,2031,August,Q3,0.158625795
24-08-2031,Laptop,Electronics,North,1,761,61.15,2031,August,Q3,0.080354796
25-08-2031,Camera,Electronics,East,2,494,56.41,2031,August,Q3,0.114190283
26-08-2031,Headphones,Accessories,East,2,194,52.16,2031,August,Q3,0.268865979
27-08-2031,Tablet,Electronics,West,6,5820,1423.67,2031,August,Q3,0.244616838
28-08-2031,Camera,Electronics,North,5,410,121.77,2031,August,Q3,0.297
29-08-2031,Smartphone,Electronics,East,6,1254,360.87,2031,August,Q3,0.28777512
30-08-2031,Tablet,Electronics,East,6,3432,452.4,2031,August,Q3,0.131818182
31-08-2031,Camera,Electronics,North,4,3792,997.99,2031,August,Q3,0.263183017
1/9/2031,Tablet,Electronics,West,7,546,117.9,2031,September,Q3,0.215934066
2/9/2031,Smartwatch,Electronics,East,3,1452,217.06,2031,September,Q3,0.149490358
3/9/2031,Keyboard,Accessories,West,8,9296,1556.05,2031,September,Q3,0.1673892
4/9/2031,Mouse,Accessories,North,1,1160,149.81,2031,September,Q3,0.129146552
5/9/2031,Laptop,Electronics,West,6,4728,682.01,2031,September,Q3,0.144249154
6/9/2031,Camera,Electronics,North,6,1836,508.81,2031,September,Q3,0.27712963
7/9/2031,Smartwatch,Electronics,South,7,6237,1784.89,2031,September,Q3,0.28617765
8/9/2031,Laptop,Electronics,West,5,5845,941.79,2031,September,Q3,0.161127459
9/9/2031,Monitor,Accessories,South,9,6138,851.14,2031,September,Q3,0.138667318
10/9/2031,Camera,Electronics,West,2,1416,136.75,2031,September,Q3,0.096574859
11/9/2031,Keyboard,Accessories,West,3,1851,348.9,2031,September,Q3,0.188492707
12/9/2031,Printer,Office,South,9,7452,1259.82,2031,September,Q3,0.169057971
13-09-2031,Tablet,Electronics,North,5,1630,190.38,2031,September,Q3,0.116797546
14-09-2031,Camera,Electronics,West,6,4800,930.44,2031,September,Q3,0.193841667
15-09-2031,Smartwatch,Electronics,South,1,61,16.11,2031,September,Q3,0.264098361
16-09-2031,Monitor,Accessories,East,6,942,80.27,2031,September,Q3,0.085212314
17-09-2031,Smartphone,Electronics,South,8,7640,1663.63,2031,September,Q3,0.217752618
18-09-2031,Camera,Electronics,South,5,4540,939.71,2031,September,Q3,0.206984581
19-09-2031,Headphones,Accessories,North,1,1030,190.47,2031,September,Q3,0.18492233
20-09-2031,Printer,Office,North,2,384,30.84,2031,September,Q3,0.0803125
21-09-2031,Smartwatch,Electronics,West,8,8560,991.94,2031,September,Q3,0.115880841
22-09-2031,Camera,Electronics,West,9,1557,117.36,2031,September,Q3,0.075375723
23-09-2031,Tablet,Electronics,East,7,707,124.59,2031,September,Q3,0.176223479
24-09-2031,Mouse,Accessories,West,5,3405,476.39,2031,September,Q3,0.139908957
25-09-2031,Tablet,Electronics,West,6,4722,522.16,2031,September,Q3,0.110580263
26-09-2031,Headphones,Accessories,North,2,2150,625.93,2031,September,Q3,0.291130233
27-09-2031,Monitor,Accessories,West,7,3619,827.39,2031,September,Q3,0.228623929
28-09-2031,Smartwatch,Electronics,South,4,3892,909.22,2031,September,Q3,0.233612539
29-09-2031,Camera,Electronics,South,1,54,13.29,2031,September,Q3,0.246111111
30-09-2031,Keyboard,Accessories,South,1,612,136.25,2031,September,Q3,0.222630719
1/10/2031,Monitor,Accessories,East,5,3850,419.55,2031,October,Q4,0.108974026
2/10/2031,Camera,Electronics,East,5,3005,389.93,2031,October,Q4,0.129760399
3/10/2031,Headphones,Accessories,North,9,5256,1296.65,2031,October,Q4,0.246699011
4/10/2031,Printer,Office,East,6,3576,1033.3,2031,October,Q4,0.288954139
5/10/2031,Tablet,Electronics,West,5,3415,496.48,2031,October,Q4,0.145382138
6/10/2031,Camera,Electronics,West,3,1722,203.04,2031,October,Q4,0.117909408
7/10/2031,Mouse,Accessories,East,8,4088,853.36,2031,October,Q4,0.208747554
8/10/2031,Headphones,Accessories,West,5,5320,882.84,2031,October,Q4,0.165947368
9/10/2031,Mouse,Accessories,West,6,3660,1079,2031,October,Q4,0.294808743
10/10/2031,Camera,Electronics,West,6,5250,1228.49,2031,October,Q4,0.233998095
11/10/2031,Laptop,Electronics,North,4,328,90.89,2031,October,Q4,0.277103659
12/10/2031,Smartphone,Electronics,West,7,1596,359.71,2031,October,Q4,0.225382206
13-10-2031,Printer,Office,South,7,2443,661.21,2031,October,Q4,0.270654932
14-10-2031,Smartwatch,Electronics,East,7,5432,870.08,2031,October,Q4,0.16017673
15-10-2031,Printer,Office,North,3,1254,221.19,2031,October,Q4,0.17638756
16-10-2031,Tablet,Electronics,East,5,5495,1276.27,2031,October,Q4,0.232260237
17-10-2031,Headphones,Accessories,North,4,596,72.65,2031,October,Q4,0.121895973
18-10-2031,Printer,Office,South,6,3696,597.66,2031,October,Q4,0.161704545
19-10-2031,Mouse,Accessories,North,6,4488,939.05,2031,October,Q4,0.20923574
20-10-2031,Camera,Electronics,West,6,6846,932.21,2031,October,Q4,0.136168566
21-10-2031,Mouse,Accessories,West,8,2960,607.64,2031,October,Q4,0.205283784
22-10-2031,Smartphone,Electronics,South,1,419,99.5,2031,October,Q4,0.237470167
23-10-2031,Laptop,Electronics,West,6,6246,327.14,2031,October,Q4,0.052375921
24-10-2031,Tablet,Electronics,South,4,1900,372.18,2031,October,Q4,0.195884211
25-10-2031,Monitor,Accessories,North,7,3451,397.29,2031,October,Q4,0.115123153
26-10-2031,Smartphone,Electronics,West,2,1612,344.37,2031,October,Q4,0.213629032
27-10-2031,Laptop,Electronics,South,5,4445,642.83,2031,October,Q4,0.144618673
28-10-2031,Smartwatch,Electronics,North,5,720,63.84,2031,October,Q4,0.088666667
29-10-2031,Mouse,Accessories,East,2,1428,234.49,2031,October,Q4,0.164208683
30-10-2031,Tablet,Electronics,East,4,3532,665.2,2031,October,Q4,0.188335221
31-10-2031,Camera,Electronics,North,6,6528,549.62,2031,October,Q4,0.08419424
1/11/2031,Monitor,Accessories,East,1,743,216.5,2031,November,Q4,0.291386272
2/11/2031,Smartwatch,Electronics,East,6,1758,287.36,2031,November,Q4,0.163458476
3/11/2031,Headphones,Accessories,South,8,1008,100.61,2031,November,Q4,0.099811508
4/11/2031,Smartphone,Electronics,East,1,995,149.86,2031,November,Q4,0.150613065
5/11/2031,Keyboard,Accessories,West,9,4032,876.91,2031,November,Q4,0.217487599
6/11/2031,Smartphone,Electronics,East,6,480,131.08,2031,November,Q4,0.273083333
7/11/2031,Laptop,Electronics,East,1,989,149.99,2031,November,Q4,0.151658241
8/11/2031,Smartphone,Electronics,North,9,6606,759.55,2031,November,Q4,0.114978807
9/11/2031,Smartwatch,Electronics,East,6,912,256.58,2031,November,Q4,0.281337719
10/11/2031,Mouse,Accessories,South,4,2912,331.11,2031,November,Q4,0.113705357
11/11/2031,Camera,Electronics,West,5,845,69.35,2031,November,Q4,0.082071006
12/11/2031,Monitor,Accessories,South,4,2804,382.82,2031,November,Q4,0.136526391
13-11-2031,Laptop,Electronics,East,2,208,11.53,2031,November,Q4,0.055432692
14-11-2031,Smartwatch,Electronics,East,1,379,42.24,2031,November,Q4,0.111451187
15-11-2031,Mouse,Accessories,West,3,1227,113.38,2031,November,Q4,0.092404238
16-11-2031,Headphones,Accessories,East,7,5551,392.37,2031,November,Q4,0.070684561
17-11-2031,Headphones,Accessories,West,1,423,115.44,2031,November,Q4,0.272907801
18-11-2031,Headphones,Accessories,West,6,5982,944.81,2031,November,Q4,0.15794216
19-11-2031,Smartphone,Electronics,West,4,3732,468.6,2031,November,Q4,0.125562701
20-11-2031,Printer,Office,North,9,5904,1152.23,2031,November,Q4,0.195160908
21-11-2031,Headphones,Accessories,East,5,1810,171.47,2031,November,Q4,0.094734807
22-11-2031,Smartphone,Electronics,South,6,5604,615.07,2031,November,Q4,0.109755532
23-11-2031,Laptop,Electronics,West,2,432,81.31,2031,November,Q4,0.188217593
24-11-2031,Keyboard,Accessories,East,2,416,68.58,2031,November,Q4,0.164855769
25-11-2031,Monitor,Accessories,North,8,1224,281.43,2031,November,Q4,0.229926471
26-11-2031,Printer,Office,West,8,5168,672.6,2031,November,Q4,0.130147059
27-11-2031,Monitor,Accessories,East,6,6522,502.98,2031,November,Q4,0.077120515
28-11-2031,Keyboard,Accessories,South,5,1090,140.7,2031,November,Q4,0.129082569
29-11-2031,Laptop,Electronics,South,3,1737,353.17,2031,November,Q4,0.203321819
30-11-2031,Printer,Office,West,9,7281,1358.17,2031,November,Q4,0.18653619
1/12/2031,Smartwatch,Electronics,South,9,5832,1007.54,2031,December,Q4,0.172760631
2/12/2031,Printer,Office,East,9,7020,623.97,2031,December,Q4,0.088884615
3/12/2031,Mouse,Accessories,South,3,2001,420.08,2031,December,Q4,0.209935032
4/12/2031,Monitor,Accessories,West,2,1832,489.21,2031,December,Q4,0.267036026
5/12/2031,Smartwatch,Electronics,East,6,3372,934.42,2031,December,Q4,0.277111507
6/12/2031,Tablet,Electronics,West,6,3384,503.86,2031,December,Q4,0.148894799
7/12/2031,Monitor,Accessories,East,1,351,31.95,2031,December,Q4,0.091025641
8/12/2031,Camera,Electronics,South,2,2092,549.42,2031,December,Q4,0.262629063
9/12/2031,Monitor,Accessories,South,7,1309,138.46,2031,December,Q4,0.105775401
10/12/2031,Keyboard,Accessories,North,9,6696,407.36,2031,December,Q4,0.06083632
11/12/2031,Keyboard,Accessories,East,5,1020,162.36,2031,December,Q4,0.159176471
12/12/2031,Keyboard,Accessories,East,8,8240,2006.72,2031,December,Q4,0.243533981
13-12-2031,Headphones,Accessories,South,9,9810,1008.6,2031,December,Q4,0.102813456
14-12-2031,Tablet,Electronics,West,1,853,97.5,2031,December,Q4,0.114302462
15-12-2031,Camera,Electronics,East,4,4416,1081.53,2031,December,Q4,0.244911685
16-12-2031,Headphones,Accessories,North,8,3832,741.44,2031,December,Q4,0.19348643
17-12-2031,Monitor,Accessories,South,4,1876,221.18,2031,December,Q4,0.117899787
18-12-2031,Laptop,Electronics,South,3,2634,392.21,2031,December,Q4,0.148902809
19-12-2031,Laptop,Electronics,North,1,1027,259.92,2031,December,Q4,0.25308666
20-12-2031,Printer,Office,West,5,3100,911.86,2031,December,Q4,0.294148387
21-12-2031,Mouse,Accessories,West,1,104,29.67,2031,December,Q4,0.285288462
22-12-2031,Mouse,Accessories,East,2,1590,147.2,2031,December,Q4,0.092578616
23-12-2031,Camera,Electronics,South,4,1104,63.57,2031,December,Q4,0.057581522
24-12-2031,Smartphone,Electronics,South,3,1851,198.71,2031,December,Q4,0.107352782
25-12-2031,Smartphone,Electronics,South,2,1408,193.09,2031,December,Q4,0.137137784
26-12-2031,Laptop,Electronics,South,7,4641,1341.98,2031,December,Q4,0.289157509
27-12-2031,Tablet,Electronics,West,7,2611,539.37,2031,December,Q4,0.206576025
28-12-2031,Laptop,Electronics,North,4,3824,711.92,2031,December,Q4,0.186171548
29-12-2031,Smartphone,Electronics,East,2,2042,501.34,2031,December,Q4,0.245514202
30-12-2031,Tablet,Electronics,North,6,6378,1408.28,2031,December,Q4,0.220802759
31-12-2031,Camera,Electronics,East,4,4692,409.07,2031,December,Q4,0.087184569
1/1/2032,Laptop,Electronics,West,6,6234,1829.07,2032,January,Q1,0.29340231
2/1/2032,Smartphone,Electronics,West,4,1852,535.07,2032,January,Q1,0.288914687
3/1/2032,Monitor,Accessories,South,3,3075,804.06,2032,January,Q1,0.261482927
4/1/2032,Printer,Office,North,5,370,92.45,2032,January,Q1,0.249864865
5/1/2032,Keyboard,Accessories,North,6,624,66.99,2032,January,Q1,0.107355769
6/1/2032,Smartwatch,Electronics,South,2,1734,310.76,2032,January,Q1,0.179215686
7/1/2032,Printer,Office,West,9,2268,361.62,2032,January,Q1,0.159444444
8/1/2032,Camera,Electronics,East,5,3670,924.95,2032,January,Q1,0.252029973
9/1/2032,Smartwatch,Electronics,North,7,4634,1358.44,2032,January,Q1,0.29314631
10/1/2032,Headphones,Accessories,North,9,1440,94.41,2032,January,Q1,0.0655625
11/1/2032,Laptop,Electronics,West,6,5136,1225.4,2032,January,Q1,0.238590343
12/1/2032,Smartphone,Electronics,East,1,166,31.72,2032,January,Q1,0.191084337
13-01-2032,Keyboard,Accessories,East,3,1422,328.98,2032,January,Q1,0.231350211
14-01-2032,Headphones,Accessories,East,8,1832,532.97,2032,January,Q1,0.290922489
15-01-2032,Printer,Office,South,1,668,94.08,2032,January,Q1,0.140838323
16-01-2032,Camera,Electronics,West,6,1272,336.3,2032,January,Q1,0.264386792
17-01-2032,Keyboard,Accessories,North,8,984,72.54,2032,January,Q1,0.073719512
18-01-2032,Printer,Office,South,7,7896,484.76,2032,January,Q1,0.06139311
19-01-2032,Smartphone,Electronics,North,1,636,42.4,2032,January,Q1,0.066666667
20-01-2032,Laptop,Electronics,North,3,2031,450.23,2032,January,Q1,0.221678976
21-01-2032,Mouse,Accessories,West,9,3186,483.22,2032,January,Q1,0.151669805
22-01-2032,Headphones,Accessories,South,1,134,33.12,2032,January,Q1,0.247164179
23-01-2032,Tablet,Electronics,South,5,1765,347.42,2032,January,Q1,0.196838527
24-01-2032,Keyboard,Accessories,East,4,3628,717.81,2032,January,Q1,0.197852811
25-01-2032,Monitor,Accessories,West,4,1000,198.92,2032,January,Q1,0.19892
26-01-2032,Camera,Electronics,North,2,2134,119.89,2032,January,Q1,0.056180881
27-01-2032,Smartwatch,Electronics,North,7,6706,1687.22,2032,January,Q1,0.251598568
28-01-2032,Laptop,Electronics,East,3,321,72.13,2032,January,Q1,0.22470405
29-01-2032,Camera,Electronics,South,3,3126,710.14,2032,January,Q1,0.227172105
30-01-2032,Monitor,Accessories,South,7,5446,697.21,2032,January,Q1,0.128022402
31-01-2032,Tablet,Electronics,East,1,1131,140.55,2032,January,Q1,0.124270557
1/2/2032,Printer,Office,East,2,1946,141.75,2032,February,Q1,0.072841727
2/2/2032,Laptop,Electronics,North,7,6818,1348.26,2032,February,Q1,0.197750073
3/2/2032,Smartphone,Electronics,East,7,2317,677.61,2032,February,Q1,0.292451446
4/2/2032,Smartwatch,Electronics,East,6,396,89.51,2032,February,Q1,0.226035354
5/2/2032,Smartphone,Electronics,South,1,558,49.81,2032,February,Q1,0.089265233
6/2/2032,Smartphone,Electronics,East,9,2034,593.13,2032,February,Q1,0.29160767
7/2/2032,Mouse,Accessories,West,8,6080,1171.93,2032,February,Q1,0.192751645
8/2/2032,Smartwatch,Electronics,East,2,1378,183.1,2032,February,Q1,0.13287373
9/2/2032,Monitor,Accessories,East,3,483,120.11,2032,February,Q1,0.248674948
10/2/2032,Keyboard,Accessories,South,8,7864,1615.58,2032,February,Q1,0.20543998
11/2/2032,Printer,Office,North,2,1268,141.76,2032,February,Q1,0.111798107
12/2/2032,Printer,Office,West,6,3774,606.94,2032,February,Q1,0.16082141
13-02-2032,Smartwatch,Electronics,East,9,9090,727.64,2032,February,Q1,0.080048405
14-02-2032,Camera,Electronics,North,5,3720,1077.21,2032,February,Q1,0.289572581
15-02-2032,Smartphone,Electronics,East,8,8896,1825.26,2032,February,Q1,0.205177608
16-02-2032,Mouse,Accessories,South,4,3264,639.8,2032,February,Q1,0.196017157
17-02-2032,Printer,Office,West,2,146,15.48,2032,February,Q1,0.106027397
18-02-2032,Headphones,Accessories,East,3,1683,129.64,2032,February,Q1,0.077029115
19-02-2032,Camera,Electronics,West,7,6076,788.14,2032,February,Q1,0.129713627
20-02-2032,Smartwatch,Electronics,West,2,2388,492.54,2032,February,Q1,0.206256281
21-02-2032,Smartphone,Electronics,East,6,882,180.63,2032,February,Q1,0.204795918
22-02-2032,Laptop,Electronics,West,3,3561,206.87,2032,February,Q1,0.058093232
23-02-2032,Tablet,Electronics,East,7,3395,350.26,2032,February,Q1,0.103169367
24-02-2032,Smartphone,Electronics,South,6,3366,460.75,2032,February,Q1,0.136883541
25-02-2032,Mouse,Accessories,East,2,630,144.14,2032,February,Q1,0.228793651
26-02-2032,Camera,Electronics,South,1,440,34.74,2032,February,Q1,0.078954545
27-02-2032,Smartwatch,Electronics,East,6,6462,1466.15,2032,February,Q1,0.22688796
28-02-2032,Monitor,Accessories,South,6,5004,1197.36,2032,February,Q1,0.239280576
29-02-2032,Laptop,Electronics,South,8,1840,461.21,2032,February,Q1,0.250657609
1/3/2032,Tablet,Electronics,South,7,4466,763.14,2032,March,Q1,0.170877743
2/3/2032,Tablet,Electronics,South,6,3048,823.36,2032,March,Q1,0.270131234
3/3/2032,Mouse,Accessories,South,7,4977,516.7,2032,March,Q1,0.103817561
4/3/2032,Keyboard,Accessories,South,3,2010,387.31,2032,March,Q1,0.192691542
5/3/2032,Camera,Electronics,South,8,5352,1133.57,2032,March,Q1,0.211803064
6/3/2032,Camera,Electronics,North,4,4136,294.21,2032,March,Q1,0.071133946
7/3/2032,Camera,Electronics,West,8,6336,439.42,2032,March,Q1,0.069352904
8/3/2032,Laptop,Electronics,East,9,5481,1540.75,2032,March,Q1,0.281107462
9/3/2032,Camera,Electronics,West,6,6366,318.97,2032,March,Q1,0.050105247
10/3/2032,Printer,Office,West,1,623,81.24,2032,March,Q1,0.130401284
11/3/2032,Mouse,Accessories,South,3,237,49.94,2032,March,Q1,0.2107173
12/3/2032,Keyboard,Accessories,North,9,8370,1525.8,2032,March,Q1,0.182293907
13-03-2032,Headphones,Accessories,South,5,4965,774.74,2032,March,Q1,0.156040282
14-03-2032,Camera,Electronics,South,7,7791,1844.69,2032,March,Q1,0.236771916
15-03-2032,Smartphone,Electronics,West,1,158,32.89,2032,March,Q1,0.208164557
16-03-2032,Keyboard,Accessories,West,7,4347,712.79,2032,March,Q1,0.163972855
17-03-2032,Smartphone,Electronics,East,4,3364,527.28,2032,March,Q1,0.156741974
18-03-2032,Camera,Electronics,South,3,1098,77.81,2032,March,Q1,0.070865209
19-03-2032,Headphones,Accessories,West,3,1083,257.44,2032,March,Q1,0.237710065
20-03-2032,Laptop,Electronics,East,4,1628,314.96,2032,March,Q1,0.193464373
21-03-2032,Keyboard,Accessories,South,4,1472,387.27,2032,March,Q1,0.263091033
22-03-2032,Printer,Office,West,9,3753,1114.87,2032,March,Q1,0.297061018
23-03-2032,Monitor,Accessories,South,6,6402,1602.79,2032,March,Q1,0.250357701
24-03-2032,Monitor,Accessories,West,3,2565,510.73,2032,March,Q1,0.19911501
25-03-2032,Mouse,Accessories,South,3,2214,127.34,2032,March,Q1,0.057515808
26-03-2032,Monitor,Accessories,West,3,975,291.81,2032,March,Q1,0.299292308
27-03-2032,Printer,Office,East,8,3312,854.12,2032,March,Q1,0.257886473
28-03-2032,Printer,Office,East,1,267,41.85,2032,March,Q1,0.156741573
29-03-2032,Smartphone,Electronics,East,9,8145,2384.42,2032,March,Q1,0.29274647
30-03-2032,Printer,Office,North,1,232,34.26,2032,March,Q1,0.147672414
31-03-2032,Smartphone,Electronics,North,3,300,38.44,2032,March,Q1,0.128133333
1/4/2032,Monitor,Accessories,East,2,2248,473.21,2032,April,Q2,0.210502669
2/4/2032,Monitor,Accessories,North,6,1614,166.62,2032,April,Q2,0.103234201
3/4/2032,Monitor,Accessories,West,2,1476,195.74,2032,April,Q2,0.132615176
4/4/2032,Printer,Office,South,5,4375,347.43,2032,April,Q2,0.079412571
5/4/2032,Smartwatch,Electronics,North,4,1064,263.48,2032,April,Q2,0.247631579
6/4/2032,Headphones,Accessories,North,6,1068,190.77,2032,April,Q2,0.178623596
7/4/2032,Keyboard,Accessories,East,1,190,27.43,2032,April,Q2,0.144368421
8/4/2032,Printer,Office,South,7,7868,862.38,2032,April,Q2,0.109605999
9/4/2032,Keyboard,Accessories,North,3,1239,143.35,2032,April,Q2,0.115698144
10/4/2032,Monitor,Accessories,East,2,1394,408.32,2032,April,Q2,0.292912482
11/4/2032,Smartphone,Electronics,North,5,2060,403.19,2032,April,Q2,0.195723301
12/4/2032,Laptop,Electronics,East,1,1060,57.26,2032,April,Q2,0.054018868
13-04-2032,Monitor,Accessories,North,7,7812,1478.43,2032,April,Q2,0.189251152
14-04-2032,Camera,Electronics,North,7,7077,804.15,2032,April,Q2,0.113628656
15-04-2032,Smartphone,Electronics,West,7,5712,929.42,2032,April,Q2,0.162713585
16-04-2032,Printer,Office,North,6,4146,966.79,2032,April,Q2,0.233186204
17-04-2032,Tablet,Electronics,West,2,992,238.18,2032,April,Q2,0.240100806
18-04-2032,Smartwatch,Electronics,North,2,1756,165.6,2032,April,Q2,0.094305239
19-04-2032,Monitor,Accessories,West,4,3632,566.81,2032,April,Q2,0.156060022
20-04-2032,Headphones,Accessories,East,4,3912,550.09,2032,April,Q2,0.140616053
21-04-2032,Printer,Office,North,9,3123,741.23,2032,April,Q2,0.237345501
22-04-2032,Printer,Office,West,4,700,120.19,2032,April,Q2,0.1717
23-04-2032,Tablet,Electronics,South,8,408,83.16,2032,April,Q2,0.203823529
24-04-2032,Smartphone,Electronics,South,4,4056,768.81,2032,April,Q2,0.189548817
25-04-2032,Laptop,Electronics,West,1,770,121.75,2032,April,Q2,0.158116883
26-04-2032,Smartwatch,Electronics,North,3,531,73.35,2032,April,Q2,0.138135593
27-04-2032,Monitor,Accessories,South,5,280,79.77,2032,April,Q2,0.284892857
28-04-2032,Laptop,Electronics,East,7,4550,892.73,2032,April,Q2,0.196204396
29-04-2032,Smartwatch,Electronics,West,5,2480,601.66,2032,April,Q2,0.242604839
30-04-2032,Printer,Office,West,6,2604,305.73,2032,April,Q2,0.117407834
1/5/2032,Keyboard,Accessories,West,7,1351,310.03,2032,May,Q2,0.229481865
2/5/2032,Monitor,Accessories,South,5,4615,251,2032,May,Q2,0.054387866
3/5/2032,Mouse,Accessories,West,1,829,165.05,2032,May,Q2,0.199095296
4/5/2032,Camera,Electronics,West,3,177,43.41,2032,May,Q2,0.245254237
5/5/2032,Headphones,Accessories,West,1,1086,161.05,2032,May,Q2,0.148296501
6/5/2032,Laptop,Electronics,South,5,275,64.9,2032,May,Q2,0.236
7/5/2032,Mouse,Accessories,North,1,564,164.5,2032,May,Q2,0.291666667
8/5/2032,Keyboard,Accessories,South,2,684,71.39,2032,May,Q2,0.104371345
9/5/2032,Laptop,Electronics,South,4,2656,687.63,2032,May,Q2,0.258896837
10/5/2032,Laptop,Electronics,West,5,1190,346.79,2032,May,Q2,0.291420168
11/5/2032,Printer,Office,South,6,4854,510.88,2032,May,Q2,0.105249279
12/5/2032,Printer,Office,West,5,1060,217.96,2032,May,Q2,0.205622642
13-05-2032,Laptop,Electronics,South,3,1527,364.05,2032,May,Q2,0.238408644
14-05-2032,Mouse,Accessories,East,4,1168,177.54,2032,May,Q2,0.152003425
15-05-2032,Tablet,Electronics,South,8,6328,1257.81,2032,May,Q2,0.198768963
16-05-2032,Smartphone,Electronics,North,3,2193,477.95,2032,May,Q2,0.217943456
17-05-2032,Smartwatch,Electronics,East,8,7600,1099.88,2032,May,Q2,0.144721053
18-05-2032,Printer,Office,West,9,1764,322.11,2032,May,Q2,0.182602041
19-05-2032,Keyboard,Accessories,East,2,1270,84.29,2032,May,Q2,0.066370079
20-05-2032,Tablet,Electronics,North,1,607,33.77,2032,May,Q2,0.055634267
21-05-2032,Mouse,Accessories,South,2,1672,469.64,2032,May,Q2,0.280885167
22-05-2032,Keyboard,Accessories,South,6,5718,1358.26,2032,May,Q2,0.237541098
23-05-2032,Headphones,Accessories,South,8,584,107.27,2032,May,Q2,0.183681507
24-05-2032,Camera,Electronics,West,7,7455,966.64,2032,May,Q2,0.129663313
25-05-2032,Keyboard,Accessories,North,7,7679,2270.08,2032,May,Q2,0.295621826
26-05-2032,Tablet,Electronics,West,7,847,154.05,2032,May,Q2,0.181877214
27-05-2032,Mouse,Accessories,West,3,1278,178.78,2032,May,Q2,0.139890454
28-05-2032,Keyboard,Accessories,East,8,6592,1024.82,2032,May,Q2,0.155464199
29-05-2032,Monitor,Accessories,East,8,3544,454.14,2032,May,Q2,0.128143341
30-05-2032,Camera,Electronics,West,3,1959,274.27,2032,May,Q2,0.140005105
31-05-2032,Mouse,Accessories,South,6,3384,924.03,2032,May,Q2,0.273058511
1/6/2032,Smartphone,Electronics,North,1,307,50.2,2032,June,Q2,0.163517915
2/6/2032,Camera,Electronics,West,9,10017,1468.72,2032,June,Q2,0.146622741
3/6/2032,Tablet,Electronics,South,7,7931,504.39,2032,June,Q2,0.063597277
4/6/2032,Laptop,Electronics,North,2,1168,198.4,2032,June,Q2,0.169863014
5/6/2032,Smartphone,Electronics,South,9,9765,909.99,2032,June,Q2,0.09318894
6/6/2032,Tablet,Electronics,South,8,1456,271.26,2032,June,Q2,0.186304945
7/6/2032,Smartphone,Electronics,South,5,950,61.9,2032,June,Q2,0.065157895
8/6/2032,Smartwatch,Electronics,West,2,2314,600.76,2032,June,Q2,0.259619706
9/6/2032,Smartwatch,Electronics,North,1,915,264.3,2032,June,Q2,0.288852459
10/6/2032,Laptop,Electronics,North,1,290,61.14,2032,June,Q2,0.210827586
11/6/2032,Tablet,Electronics,North,7,3584,940.88,2032,June,Q2,0.262522321
12/6/2032,Mouse,Accessories,West,6,1254,205.57,2032,June,Q2,0.163931419
13-06-2032,Laptop,Electronics,North,5,2410,636.83,2032,June,Q2,0.264244813
14-06-2032,Printer,Office,North,2,800,118.68,2032,June,Q2,0.14835
15-06-2032,Smartwatch,Electronics,West,5,990,87.61,2032,June,Q2,0.088494949
16-06-2032,Laptop,Electronics,West,9,9702,2771.49,2032,June,Q2,0.285661719
17-06-2032,Keyboard,Accessories,East,8,5888,354.27,2032,June,Q2,0.060168139
18-06-2032,Tablet,Electronics,East,4,1768,345.33,2032,June,Q2,0.195322398
19-06-2032,Headphones,Accessories,North,2,1022,76.04,2032,June,Q2,0.074403131
20-06-2032,Tablet,Electronics,North,3,2883,671.91,2032,June,Q2,0.233059313
21-06-2032,Monitor,Accessories,North,4,4064,771.16,2032,June,Q2,0.189753937
22-06-2032,Monitor,Accessories,East,1,1117,119.89,2032,June,Q2,0.10733214
23-06-2032,Laptop,Electronics,South,4,260,66.02,2032,June,Q2,0.253923077
24-06-2032,Printer,Office,South,3,222,50.28,2032,June,Q2,0.226486486
25-06-2032,Smartwatch,Electronics,East,9,10530,1777.32,2032,June,Q2,0.168786325
